1A28,0.597763
1AQ1,1.15651
1B5D,0.707473
1B5E,0.681466
1D09,0.729067
1D2S,0.46554
1D8D,0.710745
1DB1,0.885354
1DFO,0.648524
1DVX,1.1877
1E6Y,0.968977
1EJ3,7.85245
1EKX,1.07598
1EPV,4.71659
1EYN,0.482868
1EYQ,0.510847
1F1B,1.16886
1FP1,0.338274
1G4S,0.451799
1G6S,1.18818
1G6T,1.01229
1GP5,0.39717
1GW6,0.303351
1H47,4.98627
1H48,1.09268
1H60,0.566344
1H62,0.380563
1HBO,0.866417
1HBU,0.765641
1IE9,0.647834
1IX1,0.588479
1JCS,0.813325
1JF0,7.71261
1JF2,0.718466
1KDP,0.575163
1LB9,0.418387
1LC8,0.795693
1LNM,1.28491
1LW5,0.376641
1M2Z,0.721698
1MDZ,1.08916
1MI4,1.03096
1ML4,0.424115
1MRO,0.707483
1MRQ,0.559016
1NC3,1.94291
1NIU,0.421202
1NR6,1.08376
1NVQ,0.475394
1NVR,0.849989
1OAR,0.392424
1OKY,0.299097
1OW4,0.543906
1P5E,0.139033
1P7L,1.33959
1Q1Y,0.592552
1Q3D,1.0018
1Q5D,2.13412
1Q95,0.661859
1QPD,0.90795
1QV0,0.629462
1QV1,0.640015
1RF6,1.0926
1RG9,1.56628
1RQJ,1.16255
1S9Q,0.835985
1SD1,2.06461
1SL9,0.784282
1T5Z,0.473244
1T63,0.391945
1T65,0.379631
1T73,0.353929
1T74,0.383661
1T76,0.42105
1T79,0.424096
1T7F,0.406465
1T7J,0.65614
1T7M,0.396923
1T7R,0.39156
1T7T,0.36345
1T9D,7.40126
1TN7,1.21398
1TN8,1.08495
1TP7,1.25687
1TXR,0.47538
1UNL,0.368914
1XBC,0.910608
1XJD,0.413329
1XK9,0.833798
1XRY,0.440746
1YA3,0.648671
1YHS,0.865387
1YV5,1.17916
1ZCW,1.15322
1ZZ1,0.758733
2AA5,0.589017
2AA6,0.598852
2ABA,0.656294
2AMA,0.394461
2AMT,3.91863
2AWH,0.611518
2B00,0.835818
2BAW,1.06209
2BJ4,0.609662
2BVC,5.91683
2BXP,0.562185
2C1Z,6.32062
2C47,1.1799
2C6H,3.9205
2C7X,2.099
2CLE,0.299533
2CLF,0.390451
2CLI,0.713031
2CLL,0.872581
2DQM,0.735602
2E8X,0.867261
2EK9,0.62616
2F9K,0.400876
2FWZ,1.67264
2GG6,0.543186
2GGA,1.05886
2GGD,1.02435
2GPU,0.627083
2GX4,1.03074
2GZL,1.88523
2HC4,1.04461
2HFK,1.2458
2HI4,0.156431
2HPT,0.577983
2HU4,0.898408
2HZQ,0.640111
2I4U,0.710705
2I4V,0.79038
2J9X,0.771531
2JF9,0.536381
2JI6,2.04148
2JI9,1.60912
2NMY,0.810424
2NMZ,0.784086
2NNK,0.883078
2O0B,1.02073
2O1O,1.1675
2O9B,1.74081
2O9C,1.78724
2OKL,0.585274
2OOL,1.87751
2OS1,0.563801
2P7Z,0.688572
2PIO,0.387583
2PIR,0.400572
2Q0U,4.11482
2Q5Q,0.326863
2Q6M,1.10379
2QAK,0.815707
2QBP,1.27777
2QCI,0.587591
2QD6,0.719198
2QD7,0.695473
2QD8,0.629717
2QFQ,0.994516
2QFS,0.999622
2QFT,0.972745
2QFU,1.00772
2QIS,1.16442
2QM9,1.22384
2QRY,0.734973
2RH4,5.47555
2RHC,5.46621
2RHR,0.217359
2RJH,1.39292
2UXU,0.318589
2V52,4.12617
2V7A,1.00726
2VG0,1.15529
2VG3,0.986815
2VKV,0.978642
2VUW,0.830535
2VZM,1.68226
2W3A,0.316373
2W3V,0.749926
2W98,0.629641
2W9H,0.474704
2W9S,0.802391
2WEK,0.289504
2WK9,0.434217
2WOR,0.574851
2XBJ,0.339455
2XPU,1.07222
2Y5S,0.540002
2Y6O,0.962567
2YA8,0.777697
2YN8,0.398122
2ZBZ,1.86964
2ZLC,0.615749
2ZOF,0.384443
2ZOG,0.515951
2ZOQ,0.856122
2ZOX,0.415865
2ZP1,0.286971
3A62,0.419416
3AEN,0.536075
3AEO,1.17082
3AEP,1.6378
3AMA,0.427483
3B0R,0.963991
3B1E,0.53348
3BKB,0.514059
3BL6,1.97397
3BLO,1.59088
3BNY,1.66354
3C0Z,0.184101
3C13,0.202215
3CBL,0.435079
3CFN,5.84815
3CFQ,0.932128
3CL0,0.929323
3COT,1.70821
3CSD,5.4671
3CYX,0.757283
3D1X,0.784439
3D1Y,0.757313
3DDQ,0.392642
3DEY,0.539306
3E6E,0.545082
3EBH,0.355509
3ECG,0.500568
3ED0,0.177202
3EKV,0.586832
3EKX,0.620356
3EL4,0.581554
3EL5,0.738529
3ERN,1.38059
3ERT,0.655691
3EWD,1.00426
3FHR,0.320368
3FJX,0.999553
3FJZ,1.00252
3FK0,0.99565
3FK1,0.966421
3FME,0.310958
3FRE,0.576535
3FTX,0.416971
3FUH,0.356158
3FZS,0.640613
3G5H,2.87673
3G5K,0.362208
3GEQ,0.26876
3GFD,5.28599
3H8G,0.341788
3HHU,0.9038
3HMO,0.910518
3HUO,0.871507
3HVF,1.92521
3IAR,0.597697
3IQ7,0.914301
3IRM,0.340427
3KLM,0.539308
3KMR,0.495602
3KPX,0.790738
3KR4,0.376074
3L3X,0.422677
3L3Z,0.345296
3LCS,0.426261
3LDW,0.395758
3LPT,1.01413
3LZ9,2.94465
3M1V,0.841421
3M2R,0.509171
3M2U,0.460786
3M32,0.878645
3M6P,0.63422
3M7R,0.716756
3MDV,4.36352
3MN5,4.1278
3MNE,0.70358
3MNO,0.462023
3MNP,
3MUF,0.621505
3MXF,0.85938
3NM5,0.613517
3NPC,0.449346
3NU3,0.559978
3NU4,0.596052
3NU5,0.499659
3NU6,0.588235
3NU9,0.541899
3NVS,1.02172
3O02,8.28472
3O2K,2.17715
3O4V,1.22463
3O6O,0.494796
3O9A,0.842588
3O9B,0.563659
3O9C,0.754413
3O9E,0.598416
3O9F,1.60444
3O9G,0.8889
3O9H,0.991142
3O9I,1.34246
3OFM,0.499618
3ONF,0.390718
3ONI,0.773641
3OXC,0.683213
3OXV,0.362358
3OZC,1.915
3P86,0.83976
3PC3,0.798625
3PE1,0.355837
3PHC,0.636139
3PN4,0.783772
3POT,0.566325
3PWW,1.0551
3PXF,0.355441
3PXQ,0.400458
3PXZ,0.492274
3PZH,0.28889
3Q3Y,1.06062
3Q9X,0.151246
3QDD,0.632073
3RE4,0.571608
3RGA,2.01793
3RI3,5.46964
3S3V,0.254318
3S43,0.520573
3S56,0.572791
3S7O,1.26762
3S7P,7.90315
3S7Q,1.32667
3S91,0.563041
3S95,0.335243
3SLH,1.31609
3SM2,0.494644
3SQG,0.732435
3SXR,0.870962
3SXS,0.340893
3SZL,0.539507
3SZO,1.57377
3SZU,0.704275
3T0F,0.652781
3TL9,0.626115
3TNZ,5.01872
3TUH,1.44906
3TVQ,6.73002
3TZF,5.30725
3U04,0.68967
3UGC,0.634345
3UH2,0.952068
3UR9,0.291032
3UT6,1.94295
3UWB,0.712103
3UWP,0.447544
3VC2,1.24722
3VT3,0.659782
3VT7,0.892925
3VVH,0.746745
3W5P,1.23543
3ZEW,0.854346
3ZMC,1.07438
3ZOU,0.637466
3ZYU,0.866551
4A7A,0.485269
4A87,0.196471
4A8V,0.357456
4AL1,1.58239
4ALG,1.49471
4B1U,4.10583
4B1V,1.47798
4B1W,4.23012
4B1X,1.47904
4B1Y,4.24932
4B7J,1.36847
4BF2,0.462303
4BJH,1.02819
4BZ6,0.575148
4C34,0.851557
4C3Y,0.606268
4C4A,0.955526
4CQH,8.35433
4D06,0.391378
4D7M,0.817302
4D7N,0.721948
4D9M,0.377391
4DCD,1.11825
4DET,0.811463
4DEU,0.71451
4E9B,0.666012
4EAR,0.494148
4EB8,2.86946
4ER6,0.647257
4ERW,0.942323
4EYF,0.65633
4F04,1.0401
4FK7,0.191063
4FLP,0.610976
4FR4,0.892998
4GAA,0.478615
4GBD,0.763285
4GMX,1.60648
4HG7,2.11017
4HPJ,0.41555
4HPX,0.658256
4HQV,0.458616
4HSH,0.709876
4HT0,0.731856
4HT2,0.319973
4HT3,0.792117
4HVC,0.625211
4HVX,0.461258
4ID1,0.578334
4IJG,1.1173
4IYO,0.598252
4J3E,1.27547
4J6C,0.855349
4K7T,10.5737
4KCX,0.771715
4KD1,1.45511
4KFA,0.304887
4KGV,0.939929
4KGX,0.437783
4KGZ,0.924386
4KH0,0.964874
4KH1,0.585893
4KKX,1.01768
4KNN,1.47415
4KP5,0.239403
4KPD,0.31713
4KQO,0.664606
4KQS,0.332664
4L1W,0.551298
4L1X,0.541065
4L5A,0.527548
4L9P,1.18315
4LA7,0.310324
4LUF,1.24518
4LUT,0.616091
4LXZ,0.478883
4M7Y,0.962901
4MG7,0.793496
4MRX,7.58668
4MVF,0.530191
4N1F,0.758083
4N9U,1.17492
4NDN,4.25301
4NH7,0.804981
4NKE,1.18523
4NNS,0.43778
4NQG,7.79267
4NUA,1.17516
4OEZ,0.547782
4OUC,0.894381
4PJT,0.44035
4PKL,0.895404
4Q07,0.600033
4Q09,0.567203
4Q0A,1.20364
4Q0H,1.37552
4Q0I,1.66768
4Q15,0.340446
4Q23,1.34983
4Q4E,0.757015
4Q5M,0.834982
4Q7F,0.49078
4QA0,1.40102
4QA2,1.16219
4QBX,0.55088
4QIY,0.366289
4QIZ,1.21222
4QJ0,0.552347
4QMS,0.791021
4QMU,0.749874
4QMY,0.950812
4QQ5,0.912046
4QZS,0.608358
4R1V,0.680331
4R6E,1.26934
4R7L,0.925873
4REL,0.35363
4RLU,0.385208
4RVJ,0.697143
4RVR,0.350483
4RXD,0.336016
4S23,0.837616
4S39,1.09946
4TJW,0.788222
4TKG,0.947833
4TKI,0.200576
4TQ3,0.772458
4TS9,1.93458
4TSX,0.471086
4TTA,0.645514
4TTI,0.78546
4TTJ,0.924723
4TVJ,0.891429
4TWN,0.684241
4TZC,0.728875
4TZU,2.49134
4U5J,0.804061
4UND,0.99622
4V2Y,0.461737
4V2Z,0.238814
4W9X,0.444397
4WNS,0.959035
4WR7,0.714256
4WW6,0.199768
4WX2,1.09538
4WXF,0.503487
4WXG,0.943186
4X2A,2.67546
4XMX,0.388926
4XT7,0.673458
4XUG,0.740744
4XV2,0.29752
4Y3I,1.84751
4Y5D,0.426702
4Y6G,0.95301
4YDQ,0.58899
4YW5,0.922919
4YZC,0.921931
4Z1W,1.01741
4ZBQ,0.479467
4ZBR,0.575474
4ZLA,0.640355
4ZRR,1.56866
5A0Y,0.61706
5A19,2.54339
5A8K,0.461597
5A8R,0.873141
5A8W,0.71719
5AJG,8.26287
5AKE,0.374452
5AKL,0.295904
5ALZ,0.95576
5AM3,0.565794
5AMH,0.49372
5AMI,0.523312
5AMJ,0.52151
5AUT,0.330168
5AUX,0.224116
5AUY,0.246148
5AV2,0.248478
5B55,
5BRP,2.32476
5BVW,1.63428
5BW6,1.07987
5C5A,3.28717
5C7N,0.81148
5C8Z,1.27927
5CGQ,0.717473
5CVQ,0.591295
5D85,0.655827
5DAV,0.927233
5DBE,0.441678
5DBH,0.686752
5DBY,0.402476
5DD7,1.56083
5DF7,1.17088
5DFD,4.72679
5DH3,1.05949
5DK4,0.360073
5DR9,0.810603
5DRS,0.95451
5DT0,0.423946
5E1E,0.75719
5E2M,0.599231
5E2N,0.952182
5E8W,0.983051
5E8X,1.02258
5E8Y,1.06465
5EDB,0.362825
5EDC,0.624748
5EEI,1.05843
5EK3,6.36894
5EKD,0.27563
5ETJ,0.615352
5ETM,0.301122
5ETR,0.212504
5EWK,0.529804
5F1V,0.991973
5F63,0.722087
5F7X,0.742995
5F9Z,0.325439
5FAJ,1.34943
5FBF,0.88474
5FKK,0.848473
5FKM,0.625014
5FKN,1.08934
5FKO,0.638465
5FQD,0.500915
5G0R,0.597883
5GP0,1.11129
5HBN,1.75785
5HC8,1.68275
5HLA,1.01805
5HS6,0.615229
5HU1,1.1566
5HZ5,0.420763
5HZ9,0.217812
5I2B,0.597094
5I9Y,1.76158
5I9Z,0.549468
5IB9,0.513484
5ICM,0.332195
5IGK,0.381814
5IGM,0.796552
5JDC,0.822488
5JF1,1.21414
5JF6,0.361633
5JID,5.90615
5JJM,
5JLJ,2.36944
5K5B,2.24503
5KB3,0.972376
5KD9,0.93714
5KO8,2.07638
5KR0,0.776462
5KR2,0.631469
5L2S,1.10256
5L8M,7.94739
5LBR,1.69262
5LBZ,5.17815
5LGR,0.415775
5LGS,0.361952
5LLN,0.376319
5LLO,0.44109
5M0O,1.65557
5M4C,0.331485
5M67,0.251355
5M7E,4.83311
5M92,3.95078
5MG0,1.88831
5ML0,0.994607
5MLJ,0.278194
5MM6,0.478793
5MSA,0.432646
5MTE,0.668391
5N1Q,0.713733
5N66,0.465389
5NDT,0.138856
5NFX,8.03993
5NJB,0.716797
5NTD,0.578283
5O11,0.38527
5OAH,0.847502
5OBK,1.18879
5OD2,3.20936
5OD5,0.606309
5ODH,1.21168
5ODR,1.58138
5OEW,0.423924
5OH1,1.03098
5OOR,0.811152
5OPC,1.30493
5OWR,0.861273
5OX6,1.46954
5R24,0.212743
5RC4,0.957256
5S2C,0.970796
5S75,0.774184
5S76,0.658653
5S77,0.968675
5S78,0.92864
5S79,0.644409
5S7A,0.726916
5S7B,0.54876
5S7C,0.841654
5S7D,0.74889
5S7E,0.781115
5S7F,0.811965
5S7G,0.720194
5S7H,0.507292
5S7I,0.828255
5S7J,0.702537
5S7K,0.712635
5S7L,0.733021
5S7M,0.735646
5S7N,0.977432
5S7O,0.583123
5S7P,0.785041
5S7Q,0.773492
5S7R,0.617481
5S7S,0.828468
5S7T,0.684728
5S7U,0.585491
5S7V,0.861358
5S7W,0.631655
5S7X,0.72377
5S7Y,0.868905
5S7Z,0.716326
5S80,0.639896
5S81,0.763403
5S82,0.738936
5S83,0.738573
5S84,0.831323
5S85,0.54497
5S86,0.621872
5S87,0.888259
5S88,0.939682
5S89,0.566778
5S8A,0.855736
5S8B,0.711758
5S8R,0.768245
5S8S,1.52057
5S8T,0.927872
5S8U,0.64919
5S8V,0.974505
5S8W,2.11737
5S8Y,1.12611
5S8Z,0.970925
5S90,1.3208
5S91,0.807849
5S92,0.945585
5S93,0.903018
5S94,0.822198
5S95,0.827144
5S97,1.14274
5S9A,1.02637
5S9C,0.574518
5S9E,1.11188
5S9K,0.665479
5S9O,4.70363
5S9P,1.62553
5S9R,3.17611
5SAO,8.62245
5SAP,1.87916
5SAT,1.16362
5SAU,0.348248
5SAV,0.717706
5SAW,0.490173
5SAX,1.02537
5SAZ,1.6777
5SB0,1.23773
5SB1,0.68078
5SB2,0.407954
5SB3,0.305628
5SB4,1.50067
5SB5,0.846521
5SB7,0.541902
5SB8,
5SB9,5.33793
5SBA,2.32275
5SBB,
5SBD,
5SC8,3.57254
5SC9,8.64466
5SCB,0.929436
5SCC,6.71223
5SCD,6.66292
5SCE,6.6902
5SCF,2.84345
5SCG,1.84586
5SCH,7.07261
5SCK,2.80138
5SCL,6.01824
5SCN,2.10058
5SCP,3.48641
5SCQ,1.99592
5SCR,1.31244
5SCT,0.836883
5SCU,0.764721
5SCV,2.1521
5SCW,2.8736
5SCX,1.6203
5SCY,0.774939
5SCZ,0.792622
5SD0,1.20372
5SD3,0.735136
5SD4,3.18479
5SD5,1.0211
5SD6,0.713411
5SD7,1.12674
5SD8,1.84385
5SD9,0.673283
5SDA,1.02288
5SDT,3.22426
5SDU,9.49182
5SE0,1.04582
5SE1,0.726372
5SE2,0.305602
5SE3,0.730606
5SE6,0.582409
5SE8,0.781213
5SE9,0.262013
5SEA,0.508683
5SEB,0.546382
5SEC,0.33108
5SEE,0.563624
5SEH,7.04529
5SEK,0.323632
5SEL,0.56987
5SEM,4.60299
5SEN,0.843474
5SEO,0.472682
5SET,0.674865
5SEW,0.817777
5SEX,0.339651
5SEZ,2.33506
5SF0,0.593665
5SF1,0.585732
5SF4,8.0634
5SF5,0.338043
5SF7,0.590289
5SFB,0.81633
5SFC,2.87955
5SFD,2.10289
5SFE,0.382023
5SFG,4.81067
5SFH,2.36782
5SFR,0.505859
5SFY,2.11744
5SFZ,0.488961
5SG5,8.02404
5SG6,2.22472
5SG9,0.493666
5SGG,1.73614
5SGH,0.311888
5SGK,9.07274
5SGL,0.475285
5SGN,0.476366
5SGP,1.01538
5SGQ,0.595691
5SGR,0.27465
5SGS,1.08118
5SGT,0.511195
5SGU,0.416642
5SGV,0.350702
5SGW,0.346644
5SGX,1.02641
5SGZ,0.335994
5SH2,0.945373
5SH6,0.496983
5SH8,3.17758
5SHB,0.315151
5SHC,0.570542
5SHF,0.562932
5SHG,0.255519
5SHH,1.90846
5SHI,1.85449
5SHP,0.5231
5SHR,0.444435
5SHU,2.2833
5SI3,0.335032
5SI5,5.74829
5SI7,0.286187
5SI9,0.862393
5SID,0.399409
5SIF,0.428521
5SIG,6.00807
5SIH,0.960261
5SIM,0.428335
5SIP,0.423196
5SIQ,1.41531
5SIR,0.902085
5SIS,0.689809
5SIU,0.562146
5SIX,8.08638
5SIY,1.09037
5SIZ,8.18571
5SJ2,0.932251
5SJ7,0.643243
5SJ8,0.31658
5SJB,0.595816
5SJC,0.860858
5SJE,0.470485
5SJF,0.698002
5SJG,1.98552
5SJN,0.47394
5SJO,0.499366
5SJV,0.601162
5SJW,0.80756
5SK0,0.306534
5SK4,0.395538
5SKD,0.623508
5SKF,0.36352
5SKG,0.795605
5SKH,1.27886
5SKI,1.99632
5SKM,0.8384
5SKN,0.687751
5SKO,0.334657
5SKR,0.456341
5SKT,6.41729
5SMM,1.77379
5SO4,6.22664
5SOJ,0.952212
5SOK,0.747535
5SOM,8.88344
5SON,2.26167
5SOP,0.431382
5SOR,0.722819
5SOS,6.11437
5SOT,1.26901
5SOX,0.701143
5SP0,0.466205
5SP2,2.18829
5SP3,0.726241
5SP4,2.74569
5SP7,1.36846
5SP8,1.23923
5SP9,2.68391
5SPA,1.37564
5SPB,0.532267
5SPC,0.423391
5SPD,1.31563
5SPE,1.17349
5SPF,6.38074
5SPG,2.91298
5SPH,0.88737
5SPI,0.90288
5SPJ,3.17172
5SPK,6.57504
5SPL,1.21014
5SPM,6.9669
5SPR,3.60444
5SPT,0.569065
5SPU,3.60385
5SPV,0.685173
5SPY,0.377757
5SQ0,0.376761
5SQ1,1.63151
5SQ3,0.812114
5SQ4,0.989488
5SQ5,1.30579
5SQ6,0.587231
5SQ7,4.32627
5SQ9,1.00933
5SQA,0.515822
5SQB,1.23401
5SQC,1.16691
5SQD,1.90807
5SQE,1.19097
5SQF,1.13878
5SQG,0.827739
5SQH,1.77047
5SQI,0.482233
5SQJ,1.11996
5SQM,4.34052
5SQN,0.900207
5SQP,0.36504
5SQR,1.70056
5SQT,3.17606
5SQU,0.505859
5SQV,1.71377
5SQW,1.72947
5SQX,1.01601
5SQY,1.11685
5SR2,1.16574
5SR3,0.809679
5SR4,0.558662
5SR5,0.78136
5SR7,0.563461
5SR8,3.27069
5SR9,0.588401
5SRA,1.67111
5SRB,2.19623
5SRC,0.979075
5SRE,0.671763
5SRF,0.761748
5SRG,1.29741
5SRJ,0.401108
5SRK,1.13934
5SRL,2.45203
5SRM,1.16409
5SRN,0.704066
5SRP,1.98228
5SRQ,0.812216
5SRR,2.21482
5SRS,1.71254
5SRT,0.832418
5SRW,1.23209
5SRX,0.94602
5SRY,0.319251
5SRZ,2.45108
5SS1,0.430892
5SS3,2.06282
5SS4,0.612942
5SS5,0.982201
5SS8,1.21045
5SS9,0.838384
5SSA,0.697426
5SSB,1.23524
5SSC,0.549732
5SSD,0.748293
5SSG,1.17443
5SSH,2.86691
5SSJ,0.773034
5SSK,1.21782
5SSL,1.04623
5SSM,1.57118
5SSN,1.56103
5SSP,0.970627
5SSQ,3.27816
5SSR,0.406296
5T8Z,0.729507
5TBV,0.809332
5TCG,0.719135
5TCJ,0.448321
5TCK,0.907164
5TS8,0.527146
5TUF,3.67575
5U28,0.314163
5U3F,0.926352
5U3Q,0.883157
5U3R,0.880934
5U3T,0.784697
5U3V,0.88162
5U40,0.964572
5U42,1.04715
5U46,0.956619
5U9N,0.877726
5UGF,0.606249
5USY,0.314389
5V3W,0.894457
5VCP,0.475328
5VCV,0.671982
5VED,0.3501
5W27,0.494139
5W9C,0.643775
5WIN,0.852181
5WNL,0.429004
5WP2,0.447598
5X23,7.91134
5X24,7.55098
5X2X,0.4232
5X2Z,0.624388
5X30,0.700862
5XIQ,0.824957
5XK8,0.668674
5Y1X,1.15222
5Y2U,0.2931
5YIZ,0.785078
5YJ0,1.58254
5YX4,1.62962
5Z02,1.2528
5ZJ6,0.995294
5ZNJ,0.843615
5ZRG,0.90825
5ZXF,0.882469
5ZZA,4.18604
5ZZB,4.06287
6A46,1.65068
6A7P,0.72123
6A9A,0.778657
6AAR,0.200134
6AE3,1.47
6AJV,0.460819
6AJX,7.67001
6AP6,0.254325
6AQS,0.712283
6AWR,0.557498
6C2Z,0.398098
6C5F,0.628722
6C67,0.412982
6C73,0.842684
6CJA,0.706312
6CJR,0.649504
6CJS,0.507812
6CK7,0.813781
6CQF,1.14034
6CT5,0.605122
6D0V,0.763882
6DGZ,0.886143
6DH2,0.887769
6DH5,0.647966
6DH8,0.9064
6DO2,0.453871
6DRW,0.415069
6DUC,0.312577
6DUK,0.823422
6DYT,0.621057
6DZO,0.735655
6E48,0.969869
6EDG,0.706223
6EKS,0.779928
6ENQ,0.594077
6F3P,0.632927
6F4X,0.793309
6F51,0.891399
6F88,0.970381
6F8C,0.612714
6FE1,0.568613
6FFB,0.339287
6FGC,1.04676
6FH3,1.1754
6FH4,1.19471
6FHT,1.30984
6FNM,1.80931
6FSY,1.73438
6FYL,0.384326
6FYP,0.299026
6FYV,0.197307
6G1Y,2.23164
6G1Z,7.95577
6G20,7.55637
6G33,0.926787
6G34,0.918716
6G38,0.94231
6G39,0.922417
6G3A,0.906083
6G4L,1.36112
6G6R,4.27062
6GBT,1.37852
6GMO,1.72083
6GON,0.547396
6GOO,0.439698
6GU6,0.727399
6GUE,0.823927
6GUH,0.620533
6H1T,3.7005
6H45,2.10604
6HGK,1.19591
6HJ2,5.04007
6HL1,1.2473
6HMB,0.482949
6HMQ,0.268635
6HN0,0.771419
6HN8,10.6321
6HNC,0.274915
6I1G,1.43242
6I1I,0.914321
6I35,0.708227
6IPW,0.381688
6ISJ,0.320388
6J0G,0.609785
6JFC,1.06704
6JWA,0.663432
6JXT,1.0993
6K0E,6.15051
6K3L,0.416657
6KAZ,0.479837
6KB4,0.819969
6KB9,1.05887
6L1Z,0.796184
6L23,0.750419
6L70,1.29538
6LD8,0.868693
6LDC,1.55427
6LE8,6.64571
6LO0,0.94157
6LR9,0.650893
6LRM,0.749712
6LS4,8.54616
6LSN,1.29846
6LSZ,1.45967
6LTI,0.873066
6LTK,0.989754
6LUD,1.53627
6LXA,1.04996
6LXB,0.817677
6LXC,0.507053
6LZB,0.519159
6LZC,1.99495
6LZL,0.579
6M2B,0.367952
6M2N,0.211094
6MAX,5.01442
6MD1,0.963445
6MD2,0.852001
6MJW,1.42994
6MLS,0.423973
6MME,0.353696
6MN8,0.432239
6MNE,0.445442
6MO3,0.41366
6MPD,0.367713
6MQQ,0.290227
6MS8,6.56235
6MWL,0.509726
6MX8,0.814523
6MZQ,0.916606
6N5H,0.444747
6NBA,0.845748
6NBE,4.04212
6NBW,4.10637
6NIM,0.958658
6NNH,0.197803
6NUJ,0.747515
6NV8,0.467954
6NWK,0.782295
6O1H,0.7926
6O8I,0.754438
6OIM,2.76774
6OTK,0.795809
6OTM,0.544284
6OTO,0.473762
6OTP,0.930309
6OTQ,0.472278
6OXO,0.679533
6OXP,1.39709
6OXQ,0.885747
6OXX,1.03743
6OXZ,1.35591
6P10,0.96866
6P11,1.1129
6P5S,0.48963
6P9B,0.498415
6PGN,0.767289
6PNZ,
6PTX,1.40372
6PWH,0.422702
6Q1L,4.87749
6Q3W,0.660329
6Q3X,3.61559
6Q8Z,1.26946
6QAV,1.65215
6QGN,0.841727
6QGP,0.928558
6QGU,0.78686
6QL1,0.62805
6QL3,0.606798
6QMH,0.809083
6R13,0.501326
6R19,0.4799
6R1A,0.559003
6R3S,1.02973
6R42,0.652016
6R6F,0.807877
6R6Y,0.738101
6R9H,0.492709
6RL4,4.68434
6RM5,6.29819
6RM7,5.62088
6RMY,1.41414
6RUL,0.254148
6RUM,0.711139
6RZR,1.55177
6SAX,1.89287
6SCZ,0.691632
6SDL,0.84789
6SFB,0.866647
6SFC,0.720981
6SIQ,5.12712
6SJJ,0.378816
6SLR,3.33832
6SQ1,1.30377
6SQY,1.21237
6SRH,0.727084
6SXC,0.693988
6SXG,0.628499
6T3L,5.37974
6T3P,0.454466
6T3U,5.71932
6T53,0.455489
6T5V,0.683187
6T7K,1.05003
6TCK,0.743812
6TD8,0.505585
6TE7,2.26278
6TET,0.858806
6TEV,0.832582
6TH4,1.89145
6TLL,0.499437
6TLP,0.260898
6TTM,0.596839
6TTN,1.10834
6TUF,0.961362
6TW3,2.0691
6TW4,0.616741
6TW9,0.872423
6TYK,5.23866
6UNS,0.530168
6UVF,1.10402
6UVJ,1.26493
6UXI,0.403305
6UXJ,0.328925
6UXL,0.566417
6UYH,1.48789
6V0U,0.468797
6V14,1.07605
6V16,0.394529
6V1H,0.884066
6V1U,0.711382
6V87,0.510612
6V8M,0.411716
6V8S,0.422992
6VD1,2.96689
6VGL,0.544309
6VIV,4.99392
6VKK,0.484105
6VN8,1.2423
6VNB,2.44862
6VNC,1.11594
6VNF,0.619309
6VNG,2.23835
6VNI,1.40165
6VNJ,0.637193
6VNK,0.537975
6VNL,1.79553
6VNM,0.489649
6VNT,0.630484
6VS3,1.0569
6VXU,0.767529
6VXV,2.2193
6VZA,2.24912
6VZB,0.201199
6W29,0.7977
6W49,0.991725
6W4C,0.389759
6W4R,2.2558
6W53,1.0679
6W56,0.980262
6W6R,0.92396
6W79,5.59989
6W7J,0.431803
6W7K,0.455927
6W7V,4.2389
6W81,0.695483
6WA2,0.509325
6WAO,0.74045
6WC8,0.979026
6WE3,0.829166
6WE4,0.547277
6WF4,0.768106
6WIJ,1.24947
6WNK,1.69818
6WPE,0.924754
6WQS,1.39123
6WR1,1.1718
6WTJ,0.566418
6WTN,0.383924
6WTO,0.922115
6WTQ,1.27044
6WVX,5.10939
6WW0,0.519627
6WX3,0.605255
6WXN,1.17668
6WZW,1.30994
6X0C,1.40108
6X0P,3.32196
6X10,1.27968
6X21,0.372507
6X4K,3.7548
6X6R,
6X6X,0.743655
6XAI,0.772001
6XAK,0.997092
6XAL,2.05973
6XAM,0.263668
6XCT,0.666825
6XCZ,1.09932
6XDB,0.335414
6XDD,1.5945
6XG4,0.23273
6XG5,0.239136
6XJR,1.20707
6XJU,1.10221
6XK0,0.931954
6XL4,1.57725
6XLO,0.940533
6XM7,0.530156
6XM8,0.637079
6XND,1.00916
6XOO,0.936401
6XOP,1.00474
6XOQ,1.90203
6XOY,0.789096
6XQ5,0.486402
6XQ7,0.454326
6XQ8,0.490139
6XQ9,0.594412
6XQR,0.557024
6XRH,0.796874
6XSQ,0.494179
6XSY,0.732444
6XT3,0.395715
6XTW,0.54653
6XU3,0.59769
6XUF,1.20492
6XUJ,1.15833
6XUM,0.428288
6XZ2,0.782381
6XZI,0.782354
6XZJ,0.686576
6XZK,0.711741
6XZV,0.705909
6Y02,0.597642
6Y08,5.37237
6Y0A,1.02982
6Y0P,1.07382
6Y2U,1.38457
6Y4I,0.542473
6Y6J,1.37498
6Y6O,1.01743
6Y7K,0.94539
6Y7L,0.912287
6YAU,3.59135
6YD5,0.60366
6YD6,0.670087
6YDY,0.514144
6YE9,0.997197
6YH5,0.860579
6YH7,0.454345
6YH8,0.857788
6YH9,0.513301
6YHA,0.533409
6YHB,0.902208
6YI6,1.01802
6YJE,0.632045
6YJF,0.604365
6YJM,1.84514
6YK1,0.90311
6YM3,0.526412
6YM4,0.525912
6YM5,0.470768
6YMR,2.12912
6YNT,0.502832
6YOJ,0.764123
6YPF,1.10343
6YQ1,0.779894
6YQZ,0.346495
6YR9,0.880809
6YS6,0.641875
6YSP,0.491287
6YSX,1.11665
6YT6,0.836888
6YVJ,0.490506
6YVS,0.938388
6YVY,0.664679
6YW9,0.718849
6YX1,6.76231
6YXV,0.469803
6YY7,0.931252
6YY8,0.801616
6YY9,1.49896
6YYA,0.287822
6YYB,0.355815
6YYC,0.317081
6YYD,1.74335
6Z0Q,6.06492
6Z1C,0.572377
6Z2C,0.652277
6Z4B,1.03952
6ZAO,0.608025
6ZAQ,1.2675
6ZBN,0.396198
6ZBQ,0.469699
6ZBZ,1.54362
6ZC0,0.55308
6ZC4,0.446258
6ZC6,1.64857
6ZC7,0.455687
6ZCP,0.603848
6ZCR,0.719412
6ZCS,0.599347
6ZCU,0.721
6ZEY,2.06408
6ZF0,1.11734
6ZF1,0.753717
6ZF2,1.38444
6ZF3,2.12035
6ZF4,0.736038
6ZF5,1.79207
6ZF6,0.794215
6ZF7,0.813105
6ZF8,4.03698
6ZFZ,0.564854
6ZG4,1.51036
6ZG9,0.777356
6ZGO,0.382523
6ZGV,0.579934
6ZGW,0.565578
6ZGX,3.51488
6ZGY,3.46072
6ZGZ,3.28823
6ZOQ,0.985895
6ZOR,1.18853
6ZOS,1.69937
6ZPA,0.82868
6ZPB,5.85195
6ZQ2,0.463742
6ZR6,1.36432
6ZRB,0.883881
6ZW1,0.59493
6ZYN,0.694103
6ZYP,1.01301
6ZYR,0.675034
7A1J,1.04628
7A1K,0.55246
7A1W,0.684126
7A4Q,0.552187
7A51,0.285819
7A5D,0.275272
7A5Z,0.7929
7A60,1.34976
7A61,0.944731
7A6I,0.841722
7A6J,0.865734
7A6V,0.61922
7A7G,1.54708
7A7H,1.35751
7A9V,1.07325
7AAD,0.697131
7ABE,1.09334
7ABJ,0.591377
7AEQ,1.58548
7AES,1.66787
7AEZ,0.795442
7AFX,0.217989
7AFY,0.799858
7AFZ,1.96429
7AGN,1.40894
7AH3,1.43872
7AJA,0.533163
7AJM,0.979178
7AJV,0.766492
7AJY,0.687872
7AK2,1.32316
7AKA,0.899799
7AKL,0.226194
7AKO,0.894487
7ALA,0.372622
7AMA,8.75878
7AOP,0.580929
7AOT,3.06799
7AOU,2.30802
7APQ,1.40529
7APS,0.478637
7APT,0.720293
7APW,0.873882
7AQF,1.63923
7ARA,1.12111
7AS0,0.697981
7AS1,0.568088
7AS2,0.588649
7ASJ,0.897961
7AT9,2.0228
7AU4,0.711509
7AUX,0.840562
7AUY,4.47108
7AUZ,0.809762
7AV0,0.636683
7AVI,0.9586
7AVL,6.57951
7AVU,2.38917
7AVV,0.688385
7AVY,0.817149
7AVZ,1.2383
7AW0,0.549382
7AW1,1.01216
7AW2,1.33913
7AW3,0.476341
7AW4,6.41244
7AW5,6.84734
7AWF,2.71024
7AX4,0.33382
7AX9,0.454022
7AXA,3.7366
7AXC,1.23682
7AXE,0.489887
7AXI,4.19898
7AXJ,4.90343
7AXK,0.720026
7AXL,0.245281
7AXR,1.156
7AY6,0.61717
7AYA,1.02556
7AYF,5.06108
7AYJ,0.950504
7AZ1,0.502493
7AZ2,4.98039
7B0V,0.496724
7B0Z,0.288341
7B10,0.586673
7B1E,0.655991
7B1P,0.86945
7B1Q,0.911924
7B1S,0.714509
7B1T,0.329298
7B2C,0.653386
7B2H,0.600517
7B2J,0.434767
7B2U,0.581229
7B2Y,1.43658
7B2Z,1.55598
7B39,1.83984
7B3G,0.331529
7B3H,0.292664
7B3I,0.333349
7B3P,0.178136
7B3X,0.184221
7B45,0.399701
7B4R,1.19093
7B4X,0.245819
7B50,0.221619
7B5Z,0.398875
7B63,1.16144
7B64,0.776352
7B65,0.806667
7B66,0.850989
7B67,0.900342
7B77,0.464993
7B7I,1.12146
7B7R,1.57629
7B7V,1.02132
7B94,1.90302
7B9C,1.86735
7B9H,2.59553
7B9L,1.08614
7B9M,5.54866
7B9R,2.64621
7B9T,1.00183
7BA3,0.648051
7BA5,0.627413
7BA6,4.6128
7BA7,3.77253
7BA9,6.05996
7BAB,0.989967
7BAQ,0.529134
7BAR,0.593149
7BBU,0.630067
7BDP,3.84107
7BDT,0.39924
7BE5,2.04741
7BE6,1.27503
7BF6,0.301344
7BGQ,3.76628
7BGR,5.47158
7BGV,3.30357
7BGW,5.24256
7BHJ,7.53167
7BHS,0.275636
7BHU,4.46542
7BHV,0.50531
7BHW,0.599236
7BHX,0.454475
7BI3,5.23995
7BIK,0.604325
7BIQ,1.28627
7BIR,1.2908
7BIS,7.76806
7BIV,0.924616
7BIW,1.04416
7BJ0,0.495251
7BJ1,5.53906
7BJ6,1.53244
7BJ9,0.516114
7BJO,0.212178
7BJR,0.416668
7BK1,0.473253
7BK9,0.810411
7BL8,1.04597
7BL9,0.350934
7BLA,1.48668
7BLB,1.07792
7BLD,0.183271
7BLI,1.22603
7BLT,0.370969
7BLW,0.661874
7BMG,1.52967
7BMK,0.472505
7BNL,0.265269
7BQ2,1.10249
7BQ4,1.13233
7BQU,1.53016
7BTT,1.22023
7BU4,0.332154
7BUR,6.53135
7C2F,4.17219
7C2X,10.8433
7C2Z,0.321154
7C3G,0.870626
7C3Q,1.06152
7C3Y,1.0255
7C6P,1.4654
7C6U,0.644261
7C7B,0.3819
7C8T,0.722708
7CAV,1.33647
7CB7,0.49774
7CBJ,1.24343
7CBQ,0.829868
7CC3,1.29076
7CD9,0.7248
7CE4,0.933817
7CEP,0.471627
7CER,1.31338
7CES,0.350687
7CHT,0.524585
7CIG,0.867058
7CII,0.893978
7CIJ,1.0647
7CIL,0.395108
7CIM,1.16642
7CJA,1.28089
7CJL,0.608632
7CKK,7.78063
7CKN,9.92347
7CND,0.935656
7CON,9.96739
7COO,9.31653
7COZ,1.22219
7CP8,0.879731
7CQR,8.01029
7CQS,1.13157
7CQU,0.658653
7CRZ,1.15014
7CS4,1.00573
7CS5,8.42028
7CS6,0.6362
7CSB,2.34353
7CSD,0.656204
7CSE,8.45775
7CSH,1.12404
7CT7,8.42029
7CTC,2.15602
7CVR,8.77028
7CX6,0.937723
7CX8,0.966357
7CZI,10.0933
7D0T,9.17359
7D19,1.319
7D1C,9.23814
7D1M,0.710653
7D1V,0.365495
7D22,0.325108
7D24,0.901974
7D25,0.322678
7D26,0.412541
7D2V,0.536181
7D2X,1.18303
7D57,0.967206
7D5A,0.484536
7D5B,1.15124
7D5U,1.40213
7D79,1.5448
7D7L,1.10867
7D8E,2.21217
7DAE,1.59042
7DAF,4.50487
7DB4,0.892532
7DB8,0.814049
7DBA,0.250268
7DBJ,0.751815
7DCF,1.3461
7DCZ,0.741548
7DE2,1.62258
7DE7,1.17214
7DEM,1.82487
7DEN,1.74033
7DFU,3.2864
7DGB,0.660705
7DGG,0.561385
7DGH,0.954338
7DH3,0.722167
7DH9,0.375928
7DHJ,0.732155
7DHN,0.862208
7DHS,1.56417
7DIA,1.04682
7DJI,0.792722
7DLI,3.16076
7DOZ,0.718128
7DP8,0.727433
7DPN,1.92257
7DPO,2.03621
7DPU,0.200718
7DPV,0.38755
7DQM,0.393485
7DT5,0.154651
7DT6,0.475757
7DT8,0.230805
7DT9,0.982906
7DU9,1.71944
7DUA,0.308247
7DV0,2.77369
7DY7,0.495514
7DYT,0.400374
7DYU,0.553175
7DYV,0.76228
7DYW,0.273341
7DYX,0.370895
7E0A,0.448742
7E19,1.03035
7E1P,0.326309
7E2T,6.43465
7E2U,6.48185
7E38,5.09507
7E46,9.21454
7E4B,0.492503
7E4P,3.95717
7E5H,1.24743
7E5I,1.27032
7E60,8.21844
7E6C,0.631676
7E6Q,2.47255
7EBA,1.52458
7EBH,5.20584
7EBW,6.94227
7EC0,1.25922
7EDZ,0.946274
7EFJ,1.31462
7EFQ,0.80574
7EG2,0.761404
7EG3,0.63843
7EGO,0.287839
7EHW,0.88411
7EHY,0.56522
7EIG,0.699683
7EIK,0.957443
7EIL,1.25224
7EJQ,0.233359
7EJR,6.36059
7EJV,1.65139
7EKA,1.14122
7EKD,0.547134
7EKV,1.18976
7EMJ,0.627578
7EN8,0.949089
7EN9,0.791885
7END,1.22889
7ENS,0.315825
7EPE,0.682846
7ER7,2.32293
7ER9,0.543702
7ERA,0.643151
7ERB,0.267371
7ERC,1.85736
7ERD,2.51312
7ERE,0.445301
7ERJ,0.954964
7ERK,1.97737
7ES1,4.05616
7ETK,6.75849
7EV2,0.283582
7EVU,0.622071
7EVV,0.548873
7EXC,1.26894
7EYT,0.913998
7EYU,6.01398
7EZQ,1.66438
7F0M,1.11947
7F0Y,0.728434
7F10,1.5695
7F11,0.872482
7F14,5.01174
7F1D,0.792959
7F1G,0.836455
7F1U,7.02132
7F1V,6.27191
7F2K,7.50004
7F3G,0.619581
7F3O,0.490341
7F42,0.219759
7F43,0.737333
7F5C,1.05441
7F5D,0.65298
7F7W,2.03371
7F98,1.01264
7F99,0.717226
7F9A,0.904394
7F9B,1.71023
7F9P,0.450546
7F9R,1.97101
7F9S,1.12169
7F9T,0.736198
7F9V,1.87258
7FAI,1.5532
7FAJ,1.5457
7FAK,0.812286
7FAN,1.12939
7FAQ,0.503755
7FAR,0.899976
7FAY,0.600665
7FBQ,5.87041
7FCZ,2.36419
7FD0,2.17934
7FD6,8.83891
7FD7,1.07982
7FDX,0.58664
7FEH,0.802754
7FEK,1.24227
7FEU,1.79611
7FGD,1.75756
7FGX,0.54268
7FH4,0.653835
7FHB,1.67029
7FHS,0.523243
7FK7,2.69232
7FKF,2.29888
7FKG,1.33966
7FKM,1.32117
7FKT,1.35642
7FKZ,1.10098
7FL7,3.21245
7FME,1.33443
7FMI,0.837118
7FOJ,0.659315
7FP8,1.16574
7FQH,4.72186
7FR4,0.699691
7FR6,5.43996
7FR8,5.64749
7FR9,2.12178
7FRA,0.660821
7FRD,1.24774
7FRV,0.392109
7FRW,0.285457
7FRX,1.27655
7FRY,1.76798
7FRZ,1.77252
7FS0,0.551185
7FS4,1.15407
7FS8,9.04967
7FS9,1.66279
7FSC,1.44173
7FSD,4.21989
7FTM,0.491748
7FTO,0.404311
7FTQ,0.302207
7FTR,8.08116
7FTV,0.551326
7FTW,0.926502
7FTZ,1.18838
7FU2,0.389975
7FU6,0.286554
7FU7,0.48521
7FU8,0.60043
7FUF,1.14079
7FUK,0.477607
7FUM,0.368109
7FUQ,0.460284
7FUR,1.26175
7FUS,1.77848
7FUT,0.594396
7FUU,0.99761
7FUV,1.03078
7FUW,3.91409
7FUX,0.985315
7FUY,1.70351
7FV0,0.533406
7FV1,3.36994
7FV2,1.42968
7FV3,1.67159
7FV4,1.04066
7FV5,1.36666
7FV6,0.525892
7FV7,1.15637
7FV9,1.01089
7FVB,0.754103
7FVC,1.82406
7FVD,0.865119
7FVE,2.83818
7FVF,1.56992
7FVH,2.79809
7FVI,0.625186
7FVJ,1.52904
7FVK,0.896508
7FVM,0.512059
7FVN,1.41723
7FVO,1.32954
7FVP,0.952407
7FVQ,1.13427
7FVR,0.837568
7FVV,0.964506
7FVW,0.357333
7FVX,0.614905
7FVY,0.369866
7FVZ,0.911888
7FW3,0.639897
7FW6,0.891315
7FW7,0.652382
7FW8,0.301065
7FW9,0.535507
7FWB,0.344767
7FWC,0.308366
7FWD,0.442035
7FWF,0.498353
7FWG,1.3931
7FWH,0.685409
7FWI,2.59424
7FWJ,0.389123
7FWL,0.998758
7FWM,0.399313
7FWN,0.43251
7FWP,0.573497
7FWQ,0.362377
7FWR,0.422819
7FWU,0.59421
7FWW,4.41993
7FWX,0.950522
7FWY,0.825804
7FWZ,3.55499
7FX0,0.653233
7FX1,0.549352
7FX4,1.68524
7FX5,5.74097
7FX6,0.83054
7FX7,5.14192
7FX8,0.568833
7FXA,4.21489
7FXB,0.742745
7FXC,0.499451
7FXE,0.397501
7FXF,0.184636
7FXG,0.438684
7FXH,0.979011
7FXI,0.646934
7FXK,0.318113
7FXN,0.978145
7FXP,0.631806
7FXR,1.02481
7FXS,0.38965
7FXT,0.789801
7FXV,0.450161
7FXW,0.362849
7FXZ,2.5506
7FY0,0.58366
7FY6,5.00564
7FY7,0.393205
7FY8,0.574752
7FYB,5.40042
7FYC,1.77554
7FYD,0.268164
7FYF,0.377594
7FYI,1.42704
7FYM,0.431296
7FYO,0.712552
7FYP,0.850633
7FYQ,0.838337
7FYR,0.400643
7FYS,0.725369
7FYT,0.509991
7FYU,6.36504
7FYV,0.73156
7FYX,0.675084
7FYY,0.391943
7FYZ,0.437798
7FZ0,0.336959
7FZ1,1.10648
7FZ2,0.388324
7FZ3,0.623726
7FZ4,5.90902
7FZ5,4.96179
7FZ7,0.860799
7FZ9,1.02491
7FZC,0.399911
7FZD,0.415098
7FZF,1.56022
7FZH,5.51955
7FZI,4.48101
7FZJ,0.622994
7FZL,0.25383
7FZM,1.81491
7FZN,1.10665
7FZO,0.556532
7FZR,1.8348
7FZS,0.303654
7FZU,0.453478
7FZW,5.07634
7FZX,1.11365
7FZY,0.392931
7FZZ,0.861078
7G01,0.468924
7G02,0.424343
7G04,0.914203
7G05,0.420054
7G06,1.00921
7G07,4.74423
7G08,0.396734
7G09,0.526625
7G0A,0.377124
7G0B,0.940883
7G0C,0.472322
7G0E,0.559776
7G0F,2.97241
7G0G,2.38683
7G0I,0.613911
7G0J,0.835446
7G0K,1.92536
7G0L,0.329496
7G0M,5.3609
7G0P,0.455585
7G0Q,0.737343
7G0S,0.392754
7G0T,1.03015
7G0U,0.983288
7G0V,0.8153
7G0Z,4.76521
7G10,0.746791
7G11,0.581236
7G12,4.93243
7G13,5.15047
7G14,1.07215
7G16,4.50824
7G17,0.593635
7G18,0.917097
7G19,0.525296
7G1A,0.984948
7G1B,0.41057
7G1D,0.302733
7G1E,0.512693
7G1F,0.391148
7G1G,0.321732
7G1H,0.795411
7G1I,0.484296
7G1J,4.2945
7G1K,0.445474
7G1L,0.271807
7G1M,2.29339
7G1O,0.260976
7G1Q,3.89194
7G1R,0.590719
7G1S,0.913521
7G1U,4.26497
7G1V,1.42786
7G1W,0.475114
7G1Z,0.520364
7G20,0.93776
7G21,0.55858
7G99,1.85907
7GAV,0.552719
7GAW,1.23804
7GAX,0.44198
7GAZ,0.996563
7GB0,0.620005
7GB1,2.79139
7GB6,0.939734
7GB7,6.68032
7GB8,0.658384
7GBA,6.29845
7GBB,1.34048
7GBC,6.86567
7GBD,0.559653
7GBE,0.810225
7GBF,0.481933
7GBG,0.879247
7GBH,0.486276
7GBI,0.507025
7GBJ,0.592032
7GBM,1.06213
7GBO,0.373471
7GBP,0.457835
7GBQ,0.430917
7GBR,0.767053
7GBT,0.962208
7GBU,3.75783
7GBV,2.21831
7GBW,0.568071
7GBX,1.61787
7GC2,0.794202
7GC3,1.47092
7GC4,0.310782
7GC6,1.49831
7GC7,1.8629
7GC8,1.17036
7GCB,0.45597
7GCC,1.70186
7GCE,1.54639
7GCF,0.61591
7GCK,0.461326
7GCL,0.877232
7GCN,0.362368
7GCO,1.38083
7GCP,1.35658
7GCQ,0.467881
7GCS,0.371653
7GCT,0.897274
7GCU,0.842688
7GCV,0.620341
7GCW,1.06638
7GD0,0.42217
7GD1,0.879485
7GD2,0.97136
7GD3,1.20194
7GD4,0.337832
7GD5,0.417461
7GD6,1.53316
7GD7,0.917403
7GD8,0.89265
7GDA,1.56404
7GDB,0.854758
7GDC,0.506508
7GDD,1.51172
7GDE,0.578879
7GDF,0.667918
7GDJ,0.488944
7GDL,1.87984
7GDN,0.882095
7GDP,0.862139
7GDS,5.04869
7GDT,2.81303
7GDZ,2.47048
7GE0,0.601631
7GE2,0.54598
7GE3,0.513447
7GE4,7.5144
7GE7,0.515502
7GE8,0.415052
7GE9,0.337276
7GEA,0.496766
7GEB,0.922799
7GEC,2.07307
7GEE,0.428665
7GEG,0.755748
7GEH,0.290924
7GEI,0.403483
7GEJ,0.731646
7GEL,1.57327
7GEM,0.657708
7GEN,0.451332
7GEO,0.885249
7GES,0.519057
7GEU,1.52407
7GEV,0.323119
7GEW,1.51223
7GEZ,0.510568
7GF0,0.479831
7GF2,0.241458
7GF3,0.496308
7GF5,0.776447
7GF6,0.517958
7GFB,0.53281
7GFE,0.821277
7GFH,0.421376
7GFI,0.526697
7GFJ,1.40435
7GFK,2.0296
7GFL,0.569218
7GFM,0.469143
7GFN,1.02599
7GFO,0.825425
7GFQ,0.73355
7GFR,0.303953
7GFS,0.441295
7GFT,0.422364
7GFU,2.45403
7GFX,0.50032
7GFZ,1.95047
7GG0,0.310864
7GG1,2.25587
7GG2,0.902184
7GG4,0.456901
7GG5,0.830391
7GG6,0.808376
7GG7,0.618688
7GG8,0.374947
7GG9,0.267073
7GGA,0.514831
7GGB,2.31699
7GGD,6.29664
7GGE,0.340619
7GGG,1.91657
7GGH,0.520049
7GGI,0.544615
7GGK,0.60646
7GGM,0.458328
7GGO,1.58481
7GGP,0.49406
7GGQ,0.869414
7GGR,7.10057
7GGS,0.531479
7GGT,0.887137
7GGV,0.874539
7GGW,0.622787
7GGX,0.799584
7GGZ,0.643748
7GH0,0.672592
7GH1,1.16918
7GH2,1.22364
7GH5,1.24835
7GH6,0.573558
7GH7,0.441082
7GH8,0.362997
7GH9,0.982647
7GHC,1.45642
7GHD,1.35815
7GHF,7.38345
7GHL,6.5737
7GHM,1.02178
7GHN,5.70438
7GHO,0.454317
7GHP,0.916354
7GHQ,0.859382
7GHR,0.476091
7GHS,1.34604
7GHT,0.475499
7GHU,0.566056
7GHV,1.67828
7GHW,1.16907
7GHX,0.51736
7GHY,1.01913
7GHZ,1.01745
7GI0,0.684087
7GI1,0.868131
7GI2,1.2105
7GI3,2.06839
7GI4,1.08372
7GI5,1.49645
7GI6,1.06642
7GI7,0.517008
7GI8,1.05253
7GI9,0.862315
7GIA,1.2172
7GIB,0.402368
7GID,0.469355
7GIF,0.537891
7GIG,0.88752
7GIH,0.400251
7GIJ,1.05833
7GIM,1.1589
7GIN,0.619386
7GIO,0.745195
7GIP,1.0101
7GIQ,0.393795
7GIR,1.01442
7GIS,0.378769
7GIT,0.853655
7GIU,1.12579
7GIX,0.541128
7GIZ,1.24624
7GJ0,0.795109
7GJ2,1.94358
7GJ3,1.13184
7GJ4,0.349754
7GJ5,1.26094
7GJ6,0.769375
7GJ7,1.2417
7GJ8,0.335967
7GJB,1.09931
7GJC,0.813929
7GJD,0.55138
7GJE,0.736613
7GJF,0.737906
7GJG,1.49297
7GJH,0.355533
7GJI,0.785011
7GJJ,1.29505
7GJK,0.859377
7GJL,1.09487
7GJM,1.2267
7GJN,0.551572
7GJP,0.489903
7GJQ,0.533707
7GJT,2.39152
7GJV,0.656425
7GJX,0.607802
7GJY,1.0556
7GJZ,0.843881
7GK0,0.603538
7GK1,0.455325
7GK2,5.2258
7GK3,0.453276
7GK5,0.639149
7GK6,1.11903
7GK7,2.12674
7GK8,1.04975
7GK9,0.726652
7GKA,1.42975
7GKB,0.863146
7GKC,0.707085
7GKE,1.00489
7GKF,0.541307
7GKG,0.456214
7GKH,0.974518
7GKI,0.301998
7GKJ,1.4639
7GKK,0.736235
7GKL,0.367776
7GKM,0.963302
7GKN,0.60498
7GKO,1.30289
7GKP,1.01579
7GKQ,1.23643
7GKR,1.24003
7GKS,2.23265
7GKT,0.830243
7GKW,0.597803
7GKX,1.23145
7GKZ,1.00167
7GL0,1.31228
7GL1,0.49976
7GL2,1.10461
7GL3,0.893659
7GL4,2.09048
7GL5,0.865748
7GL6,0.622197
7GL7,0.732323
7GL8,1.91115
7GL9,0.859207
7GLA,0.644915
7GLB,1.14379
7GLD,1.12555
7GLE,1.53735
7GLF,2.54137
7GLG,2.17378
7GLH,0.593196
7GLI,1.72831
7GLJ,1.09484
7GLK,1.49977
7GLL,1.0457
7GLM,1.41191
7GLN,1.80485
7GLO,0.609494
7GLP,0.584821
7GLQ,0.505321
7GLR,1.45169
7GLS,0.41853
7GLT,1.28016
7GLU,0.847481
7GLV,1.299
7GLW,0.615035
7GLX,1.70178
7GLY,1.53034
7GLZ,1.6383
7GM0,1.06312
7GM1,4.19174
7GM2,1.16631
7GM3,1.02496
7GM4,1.97193
7GM5,0.893994
7GM6,1.71171
7GM7,0.512144
7GM8,1.87453
7GM9,1.1307
7GMA,1.60531
7GMB,0.912228
7GMC,1.03035
7GMD,1.84229
7GME,0.399082
7GMF,1.40072
7GMG,1.11222
7GMH,0.438484
7GMI,1.06401
7GMJ,0.584329
7GMK,0.480435
7GML,0.684085
7GMM,0.526866
7GMO,1.42475
7GMP,0.818458
7GMQ,0.67281
7GMR,1.0856
7GMS,1.48848
7GMT,0.776992
7GMU,0.516851
7GMV,1.17222
7GMW,1.11592
7GMX,1.74653
7GMY,1.0798
7GMZ,0.85664
7GN0,1.13724
7GN1,1.46993
7GN2,1.71318
7GN4,1.20099
7GN5,0.942319
7GN8,1.05586
7GN9,0.931513
7GNB,0.979538
7GNC,4.39549
7GND,0.551478
7GNE,0.889688
7GNF,0.654989
7GNG,0.949727
7GNH,4.5526
7GNI,0.87038
7GNJ,1.85903
7GNK,1.52423
7GNL,5.5105
7GNM,2.1844
7GNN,1.6806
7GNO,1.66468
7GNP,1.77636
7GNQ,1.0942
7GNR,1.63278
7GNS,1.76438
7GNT,1.68249
7GNU,1.5426
7GPJ,1.57382
7GQU,1.1383
7GRL,0.346804
7GRT,0.715883
7GY4,0.435864
7GY5,0.54125
7GY6,0.512907
7GY7,0.45948
7GY8,0.586371
7GY9,0.437349
7GYA,0.320888
7GYB,0.524562
7GYC,0.552243
7GZ7,3.03265
7HG6,5.92272
7JG0,0.747
7JHW,0.741621
7JIS,0.442577
7JIU,0.450069
7JJG,6.37114
7JKW,1.39646
7JKX,0.896155
7JKY,1.11764
7JKZ,1.85401
7JLL,0.70895
7JLR,0.738184
7JMQ,1.13517
7JOM,2.12792
7JP0,1.0871
7JR6,0.714243
7JR8,0.690756
7JRW,1.01395
7JS8,0.889033
7JSP,6.23434
7JT5,1.64635
7JT6,0.515688
7JTC,0.866021
7JTT,0.708011
7JVU,1.47014
7JWL,2.34683
7JX9,1.13042
7JXL,0.93022
7JXM,1.02319
7JXP,0.647369
7JXQ,0.963386
7JXX,0.544955
7JXY,0.453961
7JXZ,6.70164
7JY0,4.65012
7JY1,6.60502
7JY3,6.89508
7JY4,2.27153
7JYR,0.4191
7K03,5.39434
7K0D,1.34428
7K0E,0.722725
7K0G,1.43293
7K0V,0.474104
7K1P,0.607343
7K27,5.3134
7K3I,1.13193
7K41,5.60334
7K6A,0.926235
7K6R,0.321931
7K7Q,1.04048
7K89,1.01245
7K8G,0.920651
7K9N,1.22052
7K9U,1.08003
7K9V,0.570529
7K9W,0.443677
7KA1,0.497924
7KB1,0.923266
7KBN,1.05468
7KCE,0.367498
7KCF,0.547772
7KCO,1.51821
7KDA,0.387145
7KDB,0.91285
7KDZ,1.01486
7KFP,2.63957
7KG0,3.6832
7KG7,2.3927
7KGW,0.503812
7KGX,2.67823
7KH4,0.437637
7KH5,2.30439
7KH6,0.89101
7KH8,0.619777
7KHG,0.911022
7KHK,9.42627
7KHL,1.52211
7KI7,1.17421
7KI8,1.25443
7KI9,1.01537
7KIA,0.914485
7KIC,0.58982
7KJD,0.571907
7KJS,0.862046
7KK3,0.579477
7KK4,0.850523
7KK5,0.364484
7KKD,0.851188
7KKN,0.572827
7KKO,0.588107
7KKP,0.315102
7KKT,0.56399
7KM1,0.78411
7KM7,0.727056
7KM8,2.11254
7KM9,2.76769
7KMY,1.31243
7KNJ,1.7365
7KNR,1.64165
7KNZ,0.570306
7KO0,1.71256
7KO6,1.29039
7KOP,1.6357
7KP6,1.12927
7KPA,8.95422
7KPE,0.62281
7KQ9,0.830723
7KQF,0.742319
7KSI,0.503276
7KSK,0.469414
7KTO,8.9176
7KU9,0.717431
7KWA,0.58753
7KWE,0.746241
7KWU,0.81043
7KWV,0.716854
7KX6,0.892702
7KXB,2.14103
7KXC,0.773868
7KXD,0.258798
7KXF,0.580953
7KXH,0.393452
7KXL,0.83745
7KXN,0.90416
7KXO,1.34468
7KXP,0.973706
7KXT,3.95844
7KXZ,2.28334
7KYK,1.44492
7KYT,1.07278
7KYV,0.518949
7KYY,0.488913
7KZ4,1.74668
7KZY,1.53098
7L00,0.8705
7L01,1.23467
7L0E,0.85329
7L0K,1.4594
7L10,0.256116
7L11,0.900662
7L14,0.653436
7L1H,0.663818
7L1J,0.512713
7L1X,2.1372
7L25,0.41096
7L28,0.719293
7L4T,0.812656
7L4W,1.05523
7L50,1.41559
7L5F,1.78987
7L6D,0.330238
7L76,0.394475
7L7C,0.341275
7L99,0.306018
7L9A,1.16829
7LAF,6.729
7LAH,0.450677
7LAY,2.10545
7LB0,6.70536
7LB1,0.845408
7LB2,0.60919
7LB3,5.56245
7LBR,1.58881
7LCB,1.23577
7LCR,1.28904
7LCT,0.898323
7LCU,0.738106
7LDY,0.874135
7LDZ,0.531312
7LE0,0.798084
7LE2,0.736272
7LE3,0.833571
7LE4,0.7725
7LE5,0.748684
7LE6,1.71821
7LEL,0.83312
7LEO,6.44358
7LEV,0.538408
7LF3,0.892583
7LGX,0.868864
7LHP,0.296753
7LI5,1.6646
7LK0,0.863007
7LKK,0.965759
7LKL,0.524474
7LKS,0.573909
7LKT,0.729196
7LKU,1.54856
7LKV,0.90958
7LKW,0.842512
7LKX,1.23977
7LL3,2.883
7LL4,1.56217
7LL5,1.2254
7LLF,11.5279
7LM4,0.98311
7LMD,0.929108
7LMT,0.335232
7LNL,6.44853
7LNM,0.653594
7LNN,4.59238
7LOM,0.685743
7LON,1.26258
7LP0,0.41204
7LP7,1.33904
7LPF,0.733617
7LPW,2.09297
7LPX,2.00814
7LQD,0.708532
7LR9,1.78266
7LRL,3.31925
7LS3,0.402521
7LS4,0.538493
7LSQ,0.758427
7LSZ,7.72652
7LT0,0.293964
7LT4,0.839551
7LTG,1.82822
7LTJ,1.52957
7LTK,4.68689
7LTP,0.857246
7LTX,0.945767
7LTY,1.38736
7LUJ,1.10489
7LUK,2.19778
7LVI,0.650568
7LVX,0.94855
7LWE,7.81296
7LY8,0.637658
7LYE,1.00847
7LYH,0.590517
7LYI,0.825387
7LZD,1.96831
7LZF,1.03054
7LZO,0.202108
7LZQ,0.696717
7LZT,0.738187
7LZU,2.22989
7LZX,0.678591
7LZY,0.541029
7M01,3.99131
7M04,0.414735
7M0K,0.773244
7M0L,0.985547
7M0M,0.581877
7M0X,0.64483
7M16,0.739659
7M23,0.616353
7M24,1.17127
7M2E,1.09928
7M2F,2.26621
7M2L,1.11819
7M3H,0.516149
7M3S,1.06606
7M3Y,0.428171
7M3Z,0.791478
7M41,0.589965
7M7V,0.654865
7M8M,0.934538
7M8N,5.00526
7M8P,4.9903
7M8X,0.359774
7M8Y,1.17664
7M8Z,0.518534
7M91,0.599598
7M95,0.803938
7M9G,0.744965
7M9H,0.875993
7M9R,0.688838
7M9S,1.03214
7M9T,0.534364
7M9V,0.615785
7M9W,0.888127
7M9X,0.962724
7M9Z,0.655371
7MA0,0.676268
7MA1,0.575708
7MA2,0.650689
7MA3,1.00432
7MA4,0.730882
7MA5,0.746895
7MA7,1.2674
7MA8,0.64072
7MA9,1.32998
7MAA,0.824037
7MAZ,1.0094
7MB0,0.573673
7MCE,0.866929
7MCF,3.22152
7MCJ,0.702809
7MCK,1.42292
7MCU,1.05321
7MDB,6.80725
7MDN,0.46719
7ME8,1.05112
7MFX,0.646447
7MFY,1.11265
7MJD,2.08109
7MLC,2.10725
7MLD,1.33931
7MLG,1.3415
7MLQ,1.11447
7MLR,1.09048
7MLS,0.54364
7MOS,1.55495
7MOX,1.71427
7MOY,1.80442
7MOZ,1.58066
7MPH,6.96059
7MQP,0.635376
7MR9,0.305897
7MRA,1.26669
7MRB,0.454185
7MRG,0.550779
7MRH,0.239048
7MS6,0.792199
7MSB,1.93303
7MSD,1.04658
7MT4,0.854134
7MT5,0.801715
7MT6,0.641665
7MTU,0.809208
7MTX,2.31625
7MTY,0.654942
7MWN,1.22146
7MX0,2.69333
7MY5,2.04519
7MYI,1.51205
7MYR,0.388306
7N03,0.379692
7N2A,0.335877
7N3L,0.677658
7N42,4.77098
7N44,5.12419
7N47,2.158
7N4N,0.925131
7N4Q,1.75829
7N4R,0.749919
7N4S,0.987333
7N4W,0.684523
7N4Z,0.501745
7N54,0.523459
7N55,1.93756
7N5X,0.469913
7N5Y,0.790089
7N66,0.877685
7N6F,1.48421
7N6V,0.572583
7N6X,0.463602
7N7U,0.744141
7N8E,0.530588
7N8L,0.449505
7NA3,1.01199
7NAJ,6.19336
7NB4,0.791203
7NBW,0.161785
7NC4,1.03057
7NGD,0.473236
7NGG,7.07094
7NGI,1.57461
7NGR,0.654976
7NGX,0.83762
7NGY,0.639856
7NH4,2.7717
7NH5,1.48667
7NHH,2.06492
7NHI,1.87202
7NIG,5.36575
7NJ9,2.25302
7NJA,5.05177
7NJB,0.629394
7NK3,1.64234
7NK5,2.27627
7NKG,0.573456
7NL6,2.20558
7NL7,7.4564
7NLA,1.14525
7NLM,1.19321
7NM1,2.63927
7NN2,1.55152
7NND,4.03239
7NNE,4.13104
7NNS,1.40085
7NNW,0.183248
7NOS,0.283962
7NP6,0.556647
7NPB,7.48499
7NPG,4.11096
7NPK,0.286438
7NPL,1.54586
7NQ8,1.20966
7NQI,0.479258
7NQJ,0.593672
7NQN,0.585493
7NQP,0.536544
7NQW,0.724073
7NR4,
7NR7,0.54496
7NRB,0.295145
7NRL,3.85069
7NRO,0.474727
7NSV,2.03454
7NTB,0.392065
7NTH,0.841547
7NTI,1.12106
7NTV,0.975165
7NV4,1.98785
7NVI,5.15872
7NW2,6.95461
7NWA,2.51801
7NWC,1.74627
7NWS,5.52147
7NXJ,0.955832
7NXN,0.852255
7NXO,1.43483
7NXS,0.699258
7NXT,2.50068
7NXW,4.78489
7NXY,1.20484
7NY9,1.69419
7NYE,2.74871
7NYF,1.70271
7NYG,1.79581
7NZ6,1.37293
7NZN,2.37327
7NZS,0.30876
7NZT,0.577696
7NZW,0.41351
7NZY,0.39309
7O0L,1.14149
7O22,6.8189
7O27,1.06726
7O28,2.22593
7O2A,1.38047
7O2F,0.94149
7O34,2.68774
7O3Q,5.07962
7O3U,0.501989
7O59,0.835948
7O5D,0.688248
7O5G,1.21989
7O5S,0.514377
7O6J,0.752213
7O70,1.1571
7O7K,0.786257
7O9Z,9.87867
7OA9,9.14366
7OAI,1.22543
7OC1,0.312621
7OC7,0.903784
7OCV,0.345841
7ODN,0.23638
7OE8,1.90324
7OE9,0.433023
7OED,1.20644
7OEH,1.11424
7OEJ,0.784768
7OEK,1.69431
7OFB,4.91575
7OFC,0.422738
7OFE,0.877493
7OFF,0.486194
7OFI,0.557956
7OFK,1.04116
7OGI,9.42238
7OGN,0.236309
7OJ6,1.17655
7OJQ,0.897088
7OJY,1.72462
7OK1,1.92197
7OKC,1.28064
7OKD,7.13009
7OKF,0.591415
7OKG,0.460252
7OKH,0.454006
7OKI,7.2903
7OKL,7.59966
7OKM,7.83559
7OKP,0.330788
7OLK,5.59386
7OLL,5.6321
7OLM,6.03813
7OLO,5.65958
7OLP,0.825419
7OLQ,6.83854
7OLR,6.72973
7OLT,0.758817
7OLV,0.453634
7OLZ,0.971449
7OMD,0.484605
7OMO,0.427551
7OND,11.2679
7ONF,0.374786
7ONR,1.34544
7ONS,9.88154
7ONT,1.02909
7OO7,0.843247
7OOY,0.903785
7OOZ,2.61159
7OPG,0.297121
7OPM,1.18183
7OQL,2.88114
7OQS,5.57786
7ORS,6.88947
7OSP,1.62962
7OSS,0.223106
7OTF,0.402932
7OTH,0.371081
7OUB,1.03504
7OVD,0.230289
7OVI,0.88399
7OVJ,0.957023
7OVO,1.39545
7OY0,0.200414
7OYO,0.452851
7OZX,3.33578
7P0P,1.43026
7P18,0.492814
7P1L,0.771819
7P2M,0.89996
7P2N,0.403078
7P2U,1.45388
7P2V,4.6517
7P3C,0.551307
7P3J,0.825381
7P3S,0.434884
7P4E,1.14454
7P4H,1.26658
7P4K,1.04774
7P51,7.19122
7P58,0.751143
7P5E,0.410881
7P5F,1.12898
7P5I,1.12788
7P5N,2.50071
7P5P,1.71176
7P5T,0.588637
7P9T,0.592845
7PAD,1.61731
7PAW,9.94405
7PB0,1.06001
7PDQ,1.03512
7PFM,0.31523
7PHE,1.44509
7PHJ,1.79443
7PHN,0.978289
7PHZ,5.75834
7PID,1.28774
7PIE,1.13259
7PIF,0.572196
7PIH,0.939294
7PJ2,1.42281
7PJ9,0.395061
7PK3,0.931275
7PKV,1.08036
7PMT,10.1349
7PNS,2.07171
7POL,0.593332
7POM,0.547952
7POQ,1.29421
7POR,1.25276
7POS,0.702042
7POU,0.299769
7PPE,0.326219
7PPH,1.94845
7PQS,2.40214
7PRM,0.834452
7PSO,0.495912
7PT1,1.36133
7PT2,1.54915
7PT3,1.57344
7PUU,0.338801
7PUW,0.666
7PVU,1.46269
7PWM,0.755373
7PWP,0.845442
7PWQ,0.635242
7PWR,0.225736
7PWT,0.990237
7PWW,0.36667
7PWY,7.09731
7PX6,0.30966
7PX7,0.947185
7PZU,2.16334
7PZV,1.50499
7PZW,5.16483
7Q0C,0.894359
7Q0D,0.527301
7Q0E,0.40543
7Q1C,0.404336
7Q3F,7.19471
7Q4A,0.562104
7Q4R,0.422907
7Q5H,6.29773
7Q5O,4.2368
7Q6T,1.08189
7Q6U,0.591635
7Q6V,0.555931
7Q6W,0.609127
7Q7I,0.28485
7Q7K,0.199246
7Q7L,0.347751
7Q7T,7.81888
7Q7V,4.15893
7Q7W,1.08189
7Q8R,2.90603
7Q8Y,0.34224
7Q8Z,0.270726
7Q96,7.9914
7Q9N,1.93357
7QB7,1.23184
7QBN,0.584957
7QBO,0.483869
7QC2,1.2928
7QC5,0.356843
7QCG,0.951239
7QCH,0.897069
7QFM,0.435121
7QG7,0.499148
7QGD,0.42927
7QGE,0.377477
7QGP,1.3585
7QGW,0.549318
7QGX,0.736985
7QGY,0.65952
7QGZ,0.664389
7QHG,0.753471
7QHL,0.714162
7QHZ,0.759344
7QI0,0.480946
7QJG,1.21013
7QJL,0.301879
7QJU,0.979122
7QK0,9.51388
7QK4,0.437107
7QKC,0.745677
7QKE,7.58193
7QKN,2.11552
7QNN,7.29564
7QPH,0.35183
7QPP,0.839323
7QQ4,0.483592
7QQ7,8.48247
7QRA,0.454453
7QRD,0.513823
7QUE,1.01178
7QVJ,1.24812
7QVL,0.920409
7QVZ,0.545927
7QWF,0.952096
7QWK,1.05566
7QWN,8.10151
7QWU,1.20109
7QX2,0.689255
7QXY,1.01032
7QXZ,10.4058
7QY0,1.20892
7QY1,1.37968
7QY2,1.64553
7QYE,3.1159
7QYO,3.04616
7QZ0,1.5738
7QZB,2.26981
7QZC,4.49528
7QZI,1.38537
7R01,1.41666
7R02,0.651595
7R0N,2.89516
7R1I,0.6445
7R26,4.68131
7R2L,8.40697
7R3G,0.559461
7R4N,0.850512
7R4O,8.44229
7R5B,0.57136
7R60,0.922925
7R61,0.999245
7R6Z,0.367327
7R7K,0.58194
7R9N,1.05691
7R9P,1.19615
7R9T,1.12282
7RA5,0.86773
7RAE,0.553241
7RAF,0.440401
7RCT,0.947161
7REB,0.924939
7REC,0.533784
7REE,1.06827
7REG,0.409147
7REK,0.84459
7RFR,1.27259
7RGJ,1.10515
7RGK,1.95249
7RGO,0.821662
7RIE,0.351366
7RIU,2.28234
7RIV,4.37866
7RJ6,0.859454
7RJ7,0.346208
7RKE,0.548418
7RKL,1.29236
7RKP,2.5652
7RL2,2.82124
7RLS,1.64692
7RM2,1.98498
7RMB,2.32146
7RMD,1.89794
7RME,1.62103
7RMT,0.63806
7RMZ,0.74793
7RN0,1.47761
7RN1,0.985145
7RN2,3.51185
7RN4,0.929878
7RN5,1.66168
7RN6,0.626977
7RNH,1.77901
7RNI,0.551473
7RNK,1.74341
7RNM,4.61034
7RNY,1.0011
7ROX,0.504791
7RP3,0.665759
7RP4,0.635701
7RPZ,2.75239
7RRC,0.533371
7RRX,3.23317
7RS1,1.57524
7RS2,4.36697
7RS7,1.68103
7RSJ,0.575681
7RSP,0.655467
7RSV,0.388272
7RT1,1.31556
7RT2,1.56046
7RT3,1.66621
7RT5,1.48559
7RUX,7.34989
7RV0,6.85292
7RV1,10.1895
7RV3,0.635191
7RV4,9.834
7RV6,6.1036
7RVM,0.859897
7RVO,0.596482
7RVS,0.506477
7RVW,0.891889
7RVX,0.524112
7RVY,1.41974
7RVZ,1.14794
7RW0,0.555287
7RW7,8.26944
7RWE,0.35028
7RWF,0.433961
7RWG,1.72299
7RWH,7.93213
7RWN,0.662383
7RWO,0.731941
7RWP,0.724408
7RWQ,0.473821
7RXO,0.500823
7RXT,0.979874
7RY4,0.215148
7RYX,1.41261
7RZC,0.408262
7S1D,0.579388
7S1F,0.733031
7S1L,1.39373
7S1N,1.70178
7S25,0.976625
7S2K,0.448169
7S3K,0.805848
7S3S,1.53128
7S3T,5.08217
7S4B,1.40887
7S4C,1.28025
7S4T,8.47981
7S6U,0.807622
7S6V,0.556989
7S6W,0.524491
7S6Y,1.16831
7S6Z,0.588185
7S71,1.05114
7S73,0.809962
7S7A,0.344009
7S84,0.471038
7S85,8.64537
7S9F,0.573568
7S9G,0.516952
7S9H,0.825003
7S9I,0.721631
7S9X,0.451415
7SA0,1.77965
7SD9,1.06543
7SDA,1.11161
7SEC,0.46315
7SER,0.617604
7SES,0.245845
7SEX,0.763801
7SF1,0.928904
7SF3,0.784457
7SFB,0.789411
7SFH,0.646771
7SFO,0.451021
7SGG,0.568049
7SGH,0.819654
7SGI,1.2741
7SGK,0.984892
7SH8,1.18244
7SH9,0.884483
7SI4,0.435919
7SI5,1.4163
7SIU,1.37033
7SKI,0.46291
7SLR,0.503622
7SLS,2.86497
7SLZ,1.01434
7SNN,6.24611
7SNU,0.682027
7SNW,0.480387
7SNZ,1.84169
7SQE,1.58939
7SQM,0.950973
7SS6,2.1385
7SS7,2.39332
7SS8,0.888289
7SSE,9.11096
7SSK,0.485926
7SSM,0.515486
7SUC,0.491534
7SUT,2.64055
7SUY,1.9024
7SVG,8.04691
7SXF,0.747644
7SXG,1.01337
7SXH,1.13897
7SXJ,0.354364
7SZA,2.28695
7SZB,0.611827
7SZC,0.375435
7T09,5.09337
7T0B,4.86261
7T1D,0.739353
7T1T,0.67607
7T2I,1.16711
7T36,1.02573
7T3F,0.208707
7T47,1.25869
7T4U,1.39229
7T5R,0.649718
7T5X,6.62565
7T5Z,1.46566
7T60,0.901383
7T61,8.35713
7T7E,1.68426
7T7F,1.20793
7T7L,1.298
7T7U,9.05616
7T9R,1.23126
7T9U,0.716651
7TA0,0.731644
7TAB,6.34738
7TAZ,1.1706
7TBU,0.969519
7TCS,0.81202
7TDL,0.617848
7TDP,5.93385
7TE7,0.644473
7TEH,0.598628
7TEU,0.770204
7TFR,3.09328
7TGR,0.59088
7TIA,1.70905
7TIU,0.628058
7TIW,0.799482
7TIY,0.538697
7TIZ,0.757367
7TLE,1.30348
7TM5,0.921385
7TM6,0.927729
7TOB,0.831289
7TQ6,0.709462
7TQ7,0.774841
7TQ8,0.503777
7TTF,12.3859
7TTV,7.60378
7TUO,1.07886
7TUX,2.23809
7TYP,0.607497
7TYQ,0.376549
7TYU,0.668775
7TZA,1.99705
7U0M,1.77576
7U0O,2.23613
7U0R,0.869874
7U31,0.869322
7U3J,1.26474
7U3L,6.16212
7U4C,0.651633
7U4N,2.00599
7U4O,4.02897
7U5Z,0.497713
7U6A,0.641896
7U70,0.576558
7U8S,1.64672
7U8X,1.19048
7U8Y,6.11595
7U92,1.04252
7U99,1.03983
7U9B,1.98123
7U9U,1.8662
7U9Y,0.778561
7UAD,0.562094
7UAM,1.04923
7UAN,0.910405
7UAO,0.49052
7UAS,1.02396
7UBO,0.707267
7UBT,0.925145
7UFV,1.47918
7UFZ,0.259638
7UHH,1.42105
7UHI,6.11632
7UHJ,1.56721
7UHK,5.73361
7UHL,5.53183
7UJ4,1.61603
7UJ7,0.451287
7UJ8,0.784942
7UJF,0.382845
7UJG,0.905654
7UJH,0.601412
7UJO,0.886494
7UK2,0.412819
7UKK,0.407815
7UKR,0.466119
7UKS,0.552235
7UM8,0.509842
7UM9,0.65487
7UMO,7.28454
7UMP,0.374881
7UMV,0.477493
7UMW,0.881976
7UMX,0.495936
7UOX,0.786391
7UP1,3.33659
7UP2,0.835509
7UP3,0.978234
7UQN,0.90904
7UQO,6.27652
7UR3,0.677566
7USG,0.478838
7USH,0.911003
7USI,1.11922
7UT5,2.46265
7UTY,0.983827
7UU0,1.21607
7UUA,0.672898
7UUC,0.881617
7UUD,0.703169
7UUE,1.28743
7UUU,0.543613
7UVM,0.906962
7UW6,1.22328
7UYA,0.600656
7UYB,0.997618
7UYC,0.873123
7UYS,0.448991
7UYU,1.48837
7UYV,1.07953
7UZ1,0.942738
7UZN,3.1731
7V0Z,0.716378
7V10,0.825454
7V11,0.840165
7V12,1.28353
7V13,1.37313
7V14,0.592777
7V15,1.12896
7V16,1.11772
7V17,1.1104
7V29,1.20588
7V2T,1.77369
7V2X,1.22589
7V34,5.27694
7V36,2.23941
7V3D,0.531436
7V3E,5.79534
7V3N,1.25775
7V3R,0.415463
7V5U,0.986992
7V6X,0.450954
7V8Y,0.268033
7V8Z,0.339158
7V9D,0.82079
7VA1,1.69181
7VBV,0.951507
7VC1,0.952449
7VC2,1.28984
7VC3,1.58094
7VC5,1.38938
7VD4,0.998621
7VDP,0.574901
7VDU,1.70871
7VEJ,6.30158
7VEZ,0.384825
7VF0,0.421017
7VHY,1.28697
7VHZ,0.79718
7VI0,0.740199
7VJT,0.481667
7VL0,2.59974
7VL3,0.466771
7VL6,1.27248
7VL7,3.00805
7VM7,0.606613
7VMG,1.8424
7VMK,0.689626
7VNH,0.265514
7VO5,
7VR9,1.01999
7VRZ,0.850047
7VS0,0.299709
7VWF,1.49012
7VWG,0.600809
7VWH,0.952573
7VWT,5.1208
7VZN,
7W0G,0.530836
7W0Z,8.11248
7W1B,1.65251
7W1I,0.833017
7W2P,0.311591
7W4X,0.674765
7W4Y,0.380475
7W6E,0.67203
7W6F,2.94047
7W7X,3.57977
7W7Y,2.41266
7W9J,10.3821
7W9Q,1.54001
7W9R,0.633881
7WBS,1.2363
7WC8,0.822529
7WC9,0.64907
7WCL,0.624688
7WCV,0.239668
7WGN,1.15167
7WGQ,1.79643
7WGS,1.09041
7WH5,1.64644
7WID,1.41394
7WL4,0.540544
7WLX,0.908419
7WM7,7.97398
7WMF,1.53192
7WMH,0.782042
7WMI,0.838892
7WN5,1.63226
7WNV,1.65412
7WO1,0.732407
7WO2,0.806083
7WO3,1.37613
7WOF,0.732873
7WOM,0.9699
7WQQ,0.575103
7WQS,4.70617
7WT0,0.544426
7WT2,0.559061
7WUY,7.56817
7WVK,5.16874
7WWZ,0.578609
7WX2,1.58897
7WY3,0.624685
7WYL,1.6769
7WYM,0.438634
7WYP,2.71923
7X09,0.613576
7X0E,1.26599
7X1O,0.589421
7X3L,0.359137
7X3O,0.502671
7X4H,2.02797
7X5N,1.50257
7X5R,3.1333
7X5S,0.595588
7X5U,0.974983
7X5W,0.818951
7X5Y,0.417852
7X5Z,0.477466
7X62,0.358061
7X67,0.979166
7X69,0.958233
7X6M,2.9073
7X6N,0.956183
7X6T,1.41554
7X73,1.13834
7X7X,0.627601
7X81,1.54078
7X86,0.8822
7XAR,0.710511
7XB8,4.43179
7XBB,0.991078
7XBN,1.27368
7XBO,1.45904
7XBZ,1.8117
7XC4,0.686165
7XEF,0.607702
7XEJ,0.721966
7XEK,0.481059
7XEN,0.884934
7XEP,0.387705
7XET,0.593254
7XGI,2.20405
7XH4,1.98492
7XHE,2.5435
7XHK,1.49635
7XHQ,1.29793
7XHY,0.572042
7XI0,1.87817
7XI7,0.78645
7XIT,5.3613
7XIU,5.95579
7XLP,1.56885
7XM7,1.08589
7XMK,1.20344
7XNC,0.829743
7XPY,
7XQY,0.794081
7XQZ,1.13001
7XUA,0.64042
7XUB,0.714451
7XUC,1.05596
7XUD,0.912395
7XUQ,2.45974
7XVH,1.55017
7XVU,0.891064
7XVW,0.333015
7XWP,0.546185
7XWQ,6.84707
7XXN,1.03023
7XZK,9.39695
7XZU,0.380177
7XZW,0.143123
7Y03,2.22563
7Y05,0.245386
7Y06,0.989505
7Y07,1.95699
7Y0L,1.36576
7Y1H,0.719312
7Y3H,0.970096
7Y4T,0.45268
7Y4U,0.916436
7YAA,7.73503
7YAW,1.18203
7YB2,0.265662
7YC9,0.598452
7YCC,0.82966
7YH9,0.445259
7YHC,0.428101
7YL2,0.656826
7YMG,0.637919
7YPZ,5.25204
7YQ9,0.300962
7YQF,0.670221
7YSX,0.966495
7YTQ,4.16453
7YV4,0.460993
7YXD,1.01056
7YXF,0.746961
7YXN,0.854151
7YXR,0.677517
7YY2,0.7927
7Z01,0.701045
7Z25,0.266641
7Z2I,2.88802
7Z2N,9.5099
7Z2P,0.334029
7Z2Q,0.289761
7Z4V,0.755767
7Z57,1.29859
7Z58,0.576346
7Z5U,0.787249
7Z68,9.40393
7Z6C,0.33315
7Z6U,0.458787
7Z78,0.40914
7Z7D,0.667769
7Z9D,2.20887
7Z9E,2.28545
7ZEH,1.40969
7ZEJ,1.06293
7ZG9,1.90984
7ZGA,0.839758
7ZGC,0.845001
7ZGD,0.804936
7ZGL,0.763365
7ZHN,0.859263
7ZHP,0.366514
7ZHQ,2.76054
7ZI1,0.79064
7ZI5,1.55283
7ZI6,1.2904
7ZI7,0.648855
7ZIC,0.461385
7ZIH,1.47213
7ZII,0.533901
7ZIJ,7.08669
7ZJP,0.289081
7ZK2,0.685037
7ZKS,1.72032
7ZKX,1.31551
7ZL2,6.83512
7ZLM,0.981427
7ZLP,0.63865
7ZLS,0.810109
7ZLT,9.66114
7ZLZ,7.87875
7ZM4,1.31948
7ZO3,0.714397
7ZO4,2.2347
7ZO5,0.663549
7ZPG,0.879881
7ZQX,1.1396
7ZSL,0.504807
7ZSN,0.484963
7ZSO,0.690475
7ZSP,0.530556
7ZSQ,0.391059
7ZTV,0.659991
7ZTZ,0.633557
7ZU1,0.535979
7ZU2,0.52062
7ZWE,0.489629
7ZWG,0.451659
7ZWP,0.550627
7ZWQ,0.383067
7ZWS,3.09888
7ZWT,0.674193
7ZWU,0.788775
7ZWX,0.593898
7ZWZ,4.03225
7ZX2,1.74173
7ZXD,0.464151
7ZXZ,2.45459
7ZYK,0.420617
7ZYM,1.2716
7ZYO,0.307118
7ZYR,0.610487
7ZYW,1.22648
7ZZS,0.743128
7ZZU,1.9555
8A0B,0.448048
8A0I,1.67379
8A0L,2.5046
8A0O,5.87719
8A0P,6.37209
8A0Q,0.462918
8A0R,0.383609
8A0S,1.58938
8A1K,1.19971
8A1M,1.02353
8A1O,1.75043
8A1P,0.367013
8A27,1.56541
8A2A,0.826281
8A2B,1.8649
8A31,0.241387
8A32,0.237989
8A46,2.13826
8A4U,0.886258
8A4W,0.94483
8A5J,0.873066
8A5X,1.89728
8A62,1.05517
8A65,1.32603
8A66,1.19889
8A68,0.956464
8A6H,7.60315
8A70,1.26244
8A73,0.933609
8A74,1.34089
8A78,1.12021
8A7A,1.05141
8A7B,1.51199
8A7C,0.176401
8A7I,0.97915
8A7J,0.926448
8A7K,0.241035
8A7L,0.983955
8A7N,2.03932
8A7R,1.09015
8A7U,1.3189
8A8Z,0.62977
8A9T,0.533417
8A9Z,0.329669
8AAU,0.523134
8ABU,1.92076
8ABV,0.437602
8ABX,7.15142
8ACD,1.6829
8ACL,3.18267
8ADF,0.437587
8ADM,2.17727
8AE7,0.324046
8AEC,0.330838
8AFD,0.877364
8AFN,0.745723
8AFR,0.638222
8AG2,2.19383
8AGQ,0.238471
8AHC,0.440438
8AHU,1.42192
8AI0,7.11877
8AIE,0.814202
8AK6,1.06406
8AKM,1.65807
8ALT,4.89622
8ALV,7.26649
8ALW,6.58991
8AM7,6.553
8ANF,1.73048
8AOJ,1.01836
8AOP,0.960226
8AOQ,0.338339
8AOY,1.62804
8APS,7.11217
8APT,0.449238
8APU,1.36288
8APW,0.459643
8AQ1,1.77191
8AQ5,0.982626
8AQ6,1.08002
8AQ7,0.937656
8AQF,1.69635
8AQJ,2.30293
8AQL,0.541126
8AQN,11.2337
8AQZ,1.71339
8AR4,1.26935
8AR5,7.09602
8ARG,1.57381
8ARJ,1.03146
8ARO,1.58312
8ARQ,6.73364
8ARR,6.90736
8ARW,2.20896
8ARX,4.84255
8ARY,6.8602
8ARZ,5.90714
8AT9,1.47544
8ATP,6.35645
8ATR,0.737081
8ATS,1.7658
8ATY,0.784844
8AU2,7.1837
8AU3,0.648576
8AUS,1.53367
8AUU,0.987784
8AUY,8.13875
8AV0,1.55853
8AV3,0.89346
8AV4,1.75149
8AV7,0.67285
8AV8,1.56779
8AV9,1.78742
8AVA,0.344344
8AW1,1.2219
8AWG,0.825218
8AXE,1.01003
8AXU,5.42795
8AXW,0.867717
8AY3,0.546261
8AY6,0.380798
8AY8,0.338374
8AYA,0.430941
8AYJ,0.909468
8AZE,1.50506
8AZV,0.386526
8AZX,0.714171
8AZY,0.975629
8AZZ,0.444549
8B00,0.503728
8B1V,0.991024
8B1Z,0.500736
8B25,5.56102
8B2T,0.760829
8B35,0.250803
8B3C,0.390416
8B3R,0.466292
8B49,0.228921
8B4T,6.60537
8B56,1.1124
8B5Y,1.76853
8B6M,1.41251
8B75,1.52827
8B78,2.92097
8B7A,
8B8H,1.41803
8B8U,1.07795
8B8Y,8.25893
8B91,1.46116
8B92,1.82099
8B94,0.971283
8B96,1.1976
8B98,1.02447
8B99,0.92832
8B9E,0.504328
8B9H,1.34577
8B9O,1.3821
8BA2,0.957542
8BA3,0.94304
8BA6,2.73185
8BAB,0.771725
8BAJ,1.41031
8BAX,1.09452
8BBS,1.64568
8BC7,0.464415
8BCY,1.3506
8BDJ,1.34359
8BDL,1.05383
8BDM,1.02775
8BF6,6.06629
8BGA,0.627494
8BGX,0.225651
8BGY,0.25575
8BGZ,5.00547
8BH0,0.171322
8BI2,1.59742
8BI6,9.62357
8BIB,0.268008
8BID,0.357696
8BIK,0.947951
8BIN,0.447501
8BIO,0.495847
8BJD,1.31976
8BJE,0.671542
8BJH,4.24897
8BJJ,4.313
8BJK,0.858667
8BJN,1.55611
8BK0,0.236425
8BK4,1.03288
8BK5,1.74128
8BL0,0.890157
8BL1,2.70685
8BM2,0.418041
8BM8,3.75835
8BN6,1.61909
8BOF,0.936349
8BOG,0.729633
8BOI,0.567509
8BOK,0.62621
8BOM,0.363283
8BOR,7.54997
8BPV,1.0312
8BPW,0.473371
8BQ4,0.38457
8BR0,1.64632
8BR1,4.10347
8BSD,0.756688
8BSP,0.418507
8BSQ,0.463456
8BSR,2.55876
8BT2,0.511851
8BTQ,0.704219
8BUV,0.276437
8BV2,0.532621
8BVA,0.511106
8BW3,1.0296
8BWE,0.723918
8BWH,0.983457
8BWJ,4.86329
8BWX,9.27031
8BX0,5.82706
8BX3,4.05703
8BX4,8.90263
8BXC,1.34239
8BXH,0.516691
8BXI,5.67503
8BXM,8.88583
8BXN,3.80636
8BXO,1.36342
8BXQ,4.09575
8BXS,4.7844
8BYD,9.33615
8BYE,6.25702
8BYF,7.3676
8BYO,3.90603
8BYY,4.65544
8BZ9,5.46562
8BZC,5.87856
8BZE,3.34013
8BZF,0.990611
8BZI,0.51701
8BZP,1.07421
8BZT,2.27692
8BZW,6.81739
8BZX,1.44524
8C0A,0.965072
8C0C,0.572417
8C0F,0.588694
8C0K,3.82217
8C0L,1.49705
8C0Q,0.170152
8C0R,0.264806
8C11,1.46585
8C14,3.42221
8C15,0.491031
8C19,1.2772
8C1D,0.380596
8C1F,0.730105
8C1G,1.16288
8C1H,1.20392
8C1J,0.440329
8C1K,1.47463
8C1Y,0.767612
8C25,0.33649
8C2G,0.44944
8C2Z,0.532849
8C3G,0.444937
8C3I,7.83318
8C3U,1.24372
8C4F,6.23028
8C5Q,0.932999
8C6L,6.70565
8C6M,0.53424
8C6N,1.60188
8C6O,0.732153
8C6S,0.637741
8C70,1.30231
8C74,0.445158
8C77,0.496997
8C78,8.02961
8C7W,1.03998
8C7Z,1.05781
8C85,0.430537
8C86,1.49942
8CAA,1.10115
8CBH,1.26515
8CBR,0.389912
8CBT,0.584559
8CBV,0.461519
8CCG,2.7537
8CDQ,1.02664
8CDW,0.726372
8CE3,1.36733
8CF9,1.32927
8CFO,0.984851
8CG9,0.414563
8CH8,0.547423
8CHI,5.48402
8CHJ,1.81475
8CHK,0.876618
8CHL,0.843997
8CHM,1.31567
8CHN,1.04137
8CHP,1.42392
8CHQ,0.818854
8CHR,1.09677
8CIC,0.676316
8CJ7,1.44255
8CJ9,0.283535
8CJF,0.280237
8CJG,0.223922
8CJJ,6.50063
8CJL,7.01411
8CJM,6.38523
8CJN,1.04284
8CJO,1.8112
8CK3,0.86629
8CK4,0.985562
8CK6,0.283358
8CKC,2.17488
8CKF,0.23637
8CKQ,0.366136
8CKT,0.72615
8CLQ,3.0138
8CLW,1.05498
8CM2,0.77963
8CM8,0.537325
8CNF,0.452311
8CNH,0.409349
8CNM,0.624378
8CO5,1.74517
8CO7,0.314313
8COJ,0.21024
8COQ,0.436571
8COT,0.556682
8COW,1.4916
8CQ8,1.03482
8CQ9,2.29987
8CQL,0.7596
8CRC,0.499362
8CRH,0.35257
8CT7,2.22193
8CU7,0.855897
8CV8,1.14245
8CV9,0.701897
8CVA,1.8991
8CVB,0.80526
8CVC,0.654954
8CVD,0.738278
8CVE,0.769429
8CVF,1.05151
8CVG,0.781588
8CVH,0.686189
8CVQ,1.02958
8CYO,1.16367
8CYU,1.07712
8CZ7,1.09735
8CZL,4.52216
8CZW,0.620509
8CZX,1.14834
8D1P,0.401642
8D1S,0.61587
8D23,0.584122
8D25,5.59094
8D6C,6.34956
8D6D,0.290838
8D6E,0.373344
8D6F,0.358006
8D88,0.987554
8DC7,0.898448
8DC8,2.32668
8DGY,1.42539
8DHF,1.81146
8DHG,9.10185
8DI4,1.28974
8DIQ,0.910538
8DJC,0.660051
8DJD,0.460699
8DJE,0.466864
8DL4,3.17457
8DL9,2.47711
8DLB,1.00062
8DMD,3.1586
8DML,1.17385
8DND,1.18522
8DNI,0.787636
8DNJ,0.765718
8DOC,0.649432
8DOX,1.29156
8DQG,0.463514
8DQH,0.482383
8DQI,0.587936
8DQJ,0.746389
8DQS,5.13652
8DSC,1.43009
8DSD,4.01912
8DSK,0.417373
8DTJ,4.59477
8DU3,1.03708
8DU6,0.42749
8DU8,1.41929
8DU9,1.94879
8DUB,0.993042
8DUC,1.20851
8DUD,1.14749
8DUH,1.39947
8DUI,1.01617
8DUK,1.47972
8DW5,2.54362
8DYH,1.95663
8DYR,1.07588
8DZB,3.24378
8DZC,2.0282
8E17,0.785106
8E19,0.636286
8E1A,0.459408
8E1O,0.983668
8E2M,0.699104
8E3W,0.881176
8E4A,0.705349
8E4R,0.639977
8E4S,6.59351
8E5Q,1.79268
8E5R,0.83126
8E61,1.3772
8E63,0.944213
8E6E,0.742107
8E71,1.65927
8E7N,0.757626
8E7P,2.2065
8E80,1.03158
8E81,1.19509
8E90,1.66473
8E9F,1.1162
8EA5,2.24201
8EA6,0.551427
8EA8,0.713669
8EAA,0.521278
8EAD,0.833654
8EF8,1.44204
8EFJ,1.63516
8EG5,1.88467
8EG6,0.715635
8EGN,5.84559
8EGQ,2.80293
8EGZ,0.66357
8EH0,1.28267
8EH1,0.463858
8EJB,1.23314
8EM3,0.979291
8EMU,0.426401
8ENI,1.11923
8EOM,6.24037
8EQZ,1.14599
8ER0,7.72629
8ERB,
8ERD,1.20433
8ERJ,1.73962
8ERN,1.20564
8ERS,0.996567
8ESG,9.55418
8ESI,9.33155
8ETF,8.05997
8EV1,1.18218
8EWZ,0.713242
8EX2,0.326332
8EXL,1.28616
8EXO,0.453727
8EYD,0.243446
8EYE,0.507564
8EYF,0.815793
8EZ1,0.801662
8EZ2,1.04916
8EZI,0.98453
8EZV,0.985727
8F0F,0.692246
8F0W,7.66366
8F1G,4.46706
8F1Z,1.09573
8F44,0.966988
8F46,2.02009
8F4S,0.599974
8F4T,0.821501
8F4U,0.550793
8F4W,3.51178
8F4Y,0.611962
8F5Y,0.670909
8F6G,0.976738
8F80,0.825103
8F81,0.850076
8F82,0.673405
8F83,0.650345
8F85,2.67129
8F8E,0.570041
8F97,0.337316
8F9Z,1.91334
8FAV,1.74472
8FB1,1.65183
8FBM,1.69199
8FBQ,0.984236
8FD9,1.12562
8FDA,0.58975
8FDX,0.69912
8FE8,0.910089
8FEU,0.348294
8FEV,0.517832
8FEW,0.521401
8FF8,0.447239
8FGZ,0.366693
8FH0,0.556255
8FH1,0.56993
8FH2,0.492936
8FH4,0.971585
8FH5,0.459599
8FH6,0.401193
8FH9,0.500064
8FHE,6.88168
8FHG,2.22062
8FIC,0.757694
8FID,1.26429
8FIO,0.355814
8FJH,1.39039
8FJI,6.43484
8FJT,1.03902
8FJZ,0.76784
8FKD,0.445015
8FKF,6.91436
8FKG,0.598011
8FKO,1.4523
8FLH,0.927892
8FLL,1.06689
8FLN,2.09946
8FLV,0.778526
8FLY,0.740273
8FM2,1.17403
8FM3,1.33465
8FM4,1.9217
8FM7,1.47106
8FM8,1.77776
8FOW,1.28117
8FP0,1.0719
8FP1,1.75682
8FQX,0.479517
8FQY,0.933489
8FQZ,0.472139
8FR2,0.546773
8FR3,0.382316
8FR4,0.864577
8FRJ,1.44205
8FSD,0.346421
8FTA,0.328397
8FTC,0.655768
8FTQ,0.556362
8FUI,2.07159
8FUX,0.840035
8FVS,1.23177
8FW8,6.94529
8FWZ,0.649631
8FX0,0.686818
8FX1,0.622529
8FY6,0.713764
8FY7,0.533652
8G20,0.906869
8G2E,0.47755
8G3C,1.21782
8G3E,1.12676
8G43,4.09777
8G44,0.927937
8G45,2.52009
8G4A,0.693288
8G5U,0.637373
8G62,1.97507
8G63,0.64152
8G6A,1.37885
8G8X,1.23001
8G9Q,5.31793
8GC7,0.794101
8GC8,0.997068
8GCY,0.430933
8GCZ,3.98772
8GD2,1.0851
8GD3,1.43317
8GD4,1.30089
8GDM,1.2172
8GEM,1.09061
8GER,3.94733
8GEU,2.13783
8GEV,0.849135
8GEW,1.56028
8GEY,0.984227
8GF0,1.39784
8GFB,4.45342
8GFD,0.862726
8GFF,3.95506
8GFN,1.31662
8GFO,0.640015
8GFR,1.1469
8GFU,0.537229
8GK5,2.01613
8GM4,0.348035
8GM5,0.36608
8GMC,0.645362
8GN1,0.284909
8GNE,0.457061
8GPD,0.749401
8GPE,0.71346
8GQ0,1.60189
8GTI,2.93118
8GTV,1.20905
8GTW,0.989625
8GUE,8.0739
8GUH,0.485587
8GWD,0.452311
8GZC,0.804447
8H20,0.912943
8H29,1.83783
8H4Q,1.2385
8H59,1.36618
8H6A,0.486345
8H7F,0.458996
8H7H,1.2489
8H98,0.806358
8H9B,1.49937
8HAQ,0.830445
8HCD,0.83581
8HCK,5.33843
8HD3,0.576488
8HDG,2.98511
8HEJ,6.722
8HF8,0.849294
8HFN,0.944067
8HGK,0.432971
8HHU,1.75584
8HI9,0.497077
8HKO,3.17332
8HLJ,0.842616
8HNZ,0.404425
8HO0,0.945518
8HO4,0.554831
8HO5,7.44008
8HOW,1.80146
8HQ3,1.84533
8HQ4,4.16878
8HQ5,0.866677
8HQ6,2.18457
8HTB,1.92546
8HU2,1.0198
8HUF,0.57535
8HUG,0.582564
8HUL,1.97787
8HUM,0.784496
8HUN,0.842997
8HUP,0.898049
8HUQ,1.22013
8HX2,1.24836
8HX4,3.28239
8HXF,1.11167
8HXG,1.92922
8HXH,1.0642
8HXN,0.716712
8HYC,1.06236
8HYD,1.1045
8HYM,0.487339
8HYO,1.007
8HYP,1.14999
8HYS,0.782932
8HZ6,0.717505
8HZ7,1.40698
8HZ9,7.71913
8HZA,0.635328
8I0G,1.0986
8I0Y,1.03806
8I15,0.702295
8I2M,0.242154
8I2N,0.741144
8I2P,7.9591
8I2S,0.528373
8I36,1.9272
8I7S,3.18621
8I7X,1.42227
8I7Z,1.11197
8I8F,0.469153
8IBQ,1.7691
8IDH,0.532996
8IE7,0.775056
8IE8,0.337825
8IF7,1.25458
8IFQ,0.501585
8IFR,0.814184
8IFT,0.944071
8IGN,0.857528
8IGX,0.704327
8IHZ,1.71884
8II0,0.446555
8II1,5.87783
8II3,0.645602
8II4,6.70183
8IMF,0.151833
8IMG,1.23476
8IND,7.85327
8INJ,7.2854
8INO,2.80696
8IOK,0.870357
8IT9,1.09241
8ITD,0.761584
8ITV,1.2107
8IV3,3.79264
8IVG,0.461737
8IVM,3.30167
8IVN,7.72649
8IVR,1.45263
8IVT,0.671979
8IVU,0.260057
8IXS,1.41858
8IXV,1.9171
8IYT,1.6568
8IZC,2.34135
8IZE,2.1704
8IZG,1.07687
8J3C,2.36375
8J5E,0.573954
8J5W,1.44818
8J5X,1.50406
8J8W,0.517653
8J8X,0.85134
8J9D,0.613415
8JBY,0.225707
8JCO,2.64705
8JE7,0.826643
8JGD,1.12102
8JHL,1.37963
8JI2,1.5316
8JI4,1.33917
8JIG,1.95373
8JMP,1.39569
8JMR,5.11993
8JN8,0.670902
8JNC,1.8487
8JNP,1.6931
8JNQ,2.45877
8JOO,2.17262
8JRD,0.460923
8JRL,5.65325
8JSK,1.6621
8JU4,0.387622
8JUB,1.16937
8JWY,0.59387
8JYE,0.628417
8JYG,0.868335
8K14,1.4789
8K1X,1.56531
8K2E,0.658433
8K4C,1.32843
8K4F,1.32654
8K4K,0.444951
8K5V,0.61009
8K5W,1.00164
8K5X,8.57197
8K5Y,0.878385
8K6D,1.32314
8K71,1.19218
8K72,0.677214
8K9V,0.580832
8K9W,0.596123
8KCZ,0.387616
8KHU,1.41301
8OFE,0.851486
8OG5,0.593776
8OG6,0.71966
8OG8,7.07589
8OGA,0.91828
8OGB,0.80891
8OGC,1.20348
8OHF,1.68587
8OIZ,0.631255
8OKE,2.29024
8OKG,2.4413
8OKJ,0.840413
8OKK,0.619517
8OKL,1.0329
8OKM,0.807312
8OKN,0.643327
8OKO,0.885456
8OKP,1.12702
8OKQ,2.10203
8OKT,0.546938
8OLF,0.444125
8OLI,1.03937
8OLK,2.31473
8OMB,0.412357
8OMD,1.6261
8OME,1.56976
8OMF,2.7237
8OMH,0.532123
8OMJ,1.16496
8OMP,1.04868
8ONV,1.43295
8OO5,0.716166
8OOJ,1.00745
8OPY,5.46102
8OTM,11.4038
8OTN,11.4126
8OTV,0.382023
8OU2,1.42311
8OU3,1.65634
8OU4,1.86868
8OU5,2.35272
8OU6,0.646068
8OU7,0.546616
8OU9,0.228832
8OUT,0.510475
8OUU,0.723311
8OUV,2.93105
8OV3,0.554159
8OV4,0.565164
8OWB,0.380559
8OWQ,0.712593
8OZ2,0.411165
8OZA,1.46272
8P05,0.552947
8P07,0.391591
8P0F,1.02135
8P0M,0.997908
8P29,0.632314
8P3C,5.64452
8P3D,1.26149
8P46,0.899628
8P4H,0.483788
8P56,5.87862
8P57,5.88068
8P58,5.77877
8P59,1.11208
8P5A,5.85183
8P5C,1.06183
8P5G,0.758279
8P5H,0.633059
8P5I,1.23197
8P5J,0.617104
8P5K,1.09983
8P5Z,1.32902
8P7O,1.29873
8P7P,0.896668
8P87,5.74998
8P8Y,0.46081
8P8Z,4.76532
8P92,0.31422
8P93,2.40154
8P95,0.617123
8P9I,0.443741
8P9J,1.30144
8P9P,0.49249
8P9Q,0.863969
8P9S,1.31129
8P9T,0.895923
8P9X,1.07751
8PA3,0.863019
8PA4,0.77191
8PA5,0.311384
8PA7,1.72702
8PA8,1.77449
8PAA,1.51552
8PAC,0.891891
8PAD,0.729057
8PAH,0.938677
8PAL,0.966
8PAM,1.01361
8PAN,0.659626
8PAV,1.28367
8PAW,0.802532
8PB2,1.41614
8PB3,0.269009
8PB4,0.370466
8PB5,0.325517
8PB6,0.534765
8PB7,0.444413
8PBO,1.2421
8PD6,0.945488
8PG2,0.842987
8PG3,1.58463
8PG4,1.42445
8PG5,1.44576
8PG6,1.1082
8PG7,1.05862
8PG8,1.04327
8PG9,1.5639
8PGA,1.35625
8PGB,1.41542
8PGF,0.555569
8PGG,0.761791
8PGH,1.40081
8PGI,1.27623
8PGJ,1.28563
8PGK,1.35414
8PGL,0.847615
8PGM,0.623808
8PGN,1.05503
8PGO,0.787717
8PGQ,1.10577
8PGR,1.60353
8PGS,0.678645
8PGT,1.27854
8PGU,0.770773
8PGV,1.62166
8PGW,8.38291
8PGX,1.41612
8PGY,9.33133
8PGZ,1.09584
8PH0,8.62709
8PH1,0.570937
8PH3,8.55496
8PH4,6.93983
8PHI,5.30772
8PIQ,1.00809
8PJ0,0.369418
8PJ7,0.53586
8PJI,0.472252
8PM9,2.99196
8PMA,0.394087
8PMO,0.306711
8PO3,1.06516
8PO4,0.92978
8POM,0.560975
8PON,0.476097
8PP0,0.665082
8PPW,1.16245
8PQA,1.6218
8PQQ,2.59477
8PTC,0.899623
8PTQ,0.627424
8PTR,1.19837
8PUX,1.0909
8PUY,1.68798
8PWE,1.04101
8PX2,0.516616
8PX8,1.77654
8PYV,2.20919
8PZM,0.405849
8Q0T,2.00626
8Q0U,1.82637
8Q0V,1.03938
8Q0W,1.10731
8Q0X,0.61773
8Q0Y,0.733335
8Q0Z,0.988792
8Q10,1.13615
8Q12,0.822655
8Q13,1.535
8Q17,1.20444
8Q18,0.876429
8Q2S,0.441245
8Q2T,0.650337
8Q2U,2.56488
8Q2V,0.571113
8Q2W,0.756073
8Q2X,6.96662
8Q2Y,6.92694
8Q31,6.0956
8Q32,0.574195
8Q33,0.42299
8Q34,0.996776
8Q35,0.398948
8Q38,0.470727
8Q39,0.466289
8Q3G,0.557601
8Q4N,0.463894
8Q4P,1.87126
8Q4Q,0.550432
8Q4R,0.603934
8Q4U,1.58712
8Q4V,5.8785
8Q55,2.42088
8Q5C,1.44443
8Q69,1.15614
8Q6F,0.327065
8Q6Y,0.548303
8Q9S,0.515894
8QAL,2.53338
8QAN,3.45396
8QAP,0.959448
8QAR,2.37147
8QAZ,0.593623
8QB0,2.03356
8QB2,2.94866
8QBU,0.415526
8QCC,7.02679
8QCD,2.88465
8QCN,6.83839
8QCO,0.704805
8QDY,0.635325
8QDZ,0.743531
8QE0,1.07943
8QE1,1.41676
8QE2,8.86929
8QE3,8.56468
8QEA,0.65392
8QEL,0.316719
8QEZ,0.340922
8QH8,0.354256
8QH9,2.54724
8QHG,0.368525
8QHJ,0.235375
8QIC,1.8287
8QIX,0.941396
8QJ8,0.644188
8QK2,2.18409
8QK9,0.823933
8QKA,0.790122
8QL2,0.539832
8QL3,1.46407
8QL6,0.769554
8QL8,0.666131
8QLQ,0.592449
8QLR,0.616908
8QLS,0.760791
8QLT,1.17487
8QM7,2.03914
8QM8,2.6
8QM9,1.39528
8QMZ,10.5611
8QN0,0.858385
8QNH,2.60382
8QOD,1.68109
8QOO,1.1352
8QPN,0.792995
8QQ3,2.54974
8QQ4,1.42839
8QQB,0.481122
8QQY,0.807717
8QR2,1.368
8QR3,1.90374
8QR4,1.6947
8QR5,1.27251
8QR6,2.42452
8QR7,1.39775
8QR8,1.78777
8QR9,1.27492
8QRA,2.52124
8QRB,2.06872
8QRC,1.48101
8QS2,0.950605
8QS4,1.11209
8QS5,1.07098
8QS6,0.972135
8QS7,1.54375
8QSC,6.64147
8QSF,1.00088
8QT0,1.17022
8QT1,1.37613
8QT2,1.34812
8QT3,1.30405
8QT4,1.64843
8QT8,0.827394
8QTG,2.4615
8QTH,2.51769
8QTJ,0.527126
8QTU,1.87596
8QUY,0.254513
8QV9,0.253066
8QVF,0.696811
8QVG,0.431179
8QVH,0.681227
8QVK,0.596678
8QXQ,0.281432
8QYI,1.00553
8QYR,6.49879
8QZD,0.462455
8R0H,1.00962
8R0I,0.531652
8R0Y,0.350279
8R0Z,2.92453
8R11,1.63298
8R12,1.19505
8R14,1.60534
8R16,0.590495
8R1I,1.88927
8R1M,1.21206
8R1W,0.481702
8R25,0.264947
8R2A,0.385475
8R36,0.636644
8R4U,1.30933
8R4V,0.919947
8R5B,0.962256
8R5C,0.926934
8R5E,5.32649
8R5F,1.46584
8R67,8.19863
8R6J,1.89197
8R6K,1.17692
8R6M,1.69323
8R6O,0.557752
8R7G,1.93623
8R7W,0.372043
8R7X,5.61235
8R8E,0.79556
8RAI,0.36971
8RAK,0.423979
8RAR,0.595385
8RB6,0.446867
8RBP,0.501034
8RCO,0.793914
8RCW,8.07116
8RDN,0.475441
8RDO,0.312406
8RDQ,2.2289
8RGK,0.302099
8RHR,0.228501
8RIB,2.53038
8RJ2,0.519591
8RU8,0.839154
8RW0,1.75037
8S1X,0.825457
8S45,2.38038
8S6F,1.24431
8S98,0.396134
8S99,1.53631
8SA9,0.533036
8SAB,1.25543
8SBC,1.05367
8SBT,0.39069
8SC7,0.449023
8SC9,0.890734
8SCE,0.780625
8SE5,0.560856
8SF8,0.354364
8SGE,1.42596
8SHJ,0.895473
8SIV,1.35128
8SIW,1.44197
8SIX,1.33867
8SK4,0.817724
8SKH,3.6737
8SKL,0.771103
8SKN,0.351164
8SL7,0.748891
8SLO,0.764665
8SON,2.13867
8SPN,5.66951
8SQG,1.81648
8SSO,0.827313
8SSV,0.758462
8STY,1.7226
8STZ,0.964627
8SU2,1.215
8SV9,0.527041
8SVL,0.432673
8SVM,0.771104
8SVT,0.958557
8SVX,0.707271
8SWE,0.886261
8SWJ,1.7723
8SWR,1.11692
8SWS,0.555924
8SX4,2.62512
8SZE,0.414408
8SZU,2.33237
8T0N,0.729719
8T0T,1.06803
8T2H,1.3744
8T4V,1.29862
8T55,1.19158
8T5I,1.41139
8T5K,2.41003
8T5M,0.881517
8T68,0.407107
8T6G,1.99353
8T70,0.929046
8T7O,0.860206
8TA1,0.673304
8TB6,3.84736
8TBA,6.44491
8TBR,0.699191
8TBS,2.26594
8TBU,0.355425
8TD0,0.506386
8TD1,0.525775
8TDP,1.05652
8TDQ,2.79476
8TLR,1.60881
8TM7,2.65405
8TPB,1.61279
8TPE,5.99128
8TPG,5.72254
8TPH,0.933989
8TPI,1.19353
8TQF,0.335019
8TQH,0.659266
8TQJ,1.29345
8TQL,0.680848
8TQV,2.16587
8TTR,1.00724
8TU3,2.10505
8TU4,0.420321
8TUC,0.285694
8TV6,0.620919
8TV7,0.889175
8TVM,0.898782
8TVN,0.673588
8TWN,0.477656
8TWT,0.421973
8TWU,0.461109
8TWW,0.56701
8TX0,0.35106
8TXE,1.15672
8TXG,1.4833
8TXY,0.86626
8TY3,1.59527
8TY4,1.51457
8TY5,0.537284
8U06,0.47016
8U07,0.539255
8U0Q,0.601003
8U1Y,8.28429
8U2D,2.13034
8U2E,1.78804
8U57,1.68147
8U59,8.41428
8U5I,1.63632
8U69,0.32973
8U6B,0.693237
8U6D,0.592938
8U6L,1.2143
8U6O,0.874273
8U6T,0.712033
8U7W,2.26753
8U7X,1.10842
8U8J,0.351698
8U8K,0.427526
8U8X,1.19135
8U9H,0.577758
8U9M,0.664467
8U9N,0.567083
8U9T,0.713397
8U9V,1.06847
8U9W,0.543822
8UAB,0.466297
8UAC,0.645551
8UAP,0.881796
8UBQ,0.282168
8UCB,0.694985
8UCC,1.00848
8UDF,6.11768
8UDH,0.778835
8UDI,5.51039
8UDJ,6.71909
8UDU,1.42833
8UDV,0.902329
8UDY,6.9991
8UFW,0.634415
8UFX,0.580126
8UG1,0.97658
8UG3,1.55771
8UGU,0.484129
8UGV,1.3162
8UH5,0.828476
8UH9,0.66456
8UJY,1.16979
8UMJ,0.978799
8UMK,0.948899
8UML,0.984982
8UMM,0.97207
8UMN,1.0005
8UN3,0.872547
8UOH,0.438264
8UOI,0.526614
8UOJ,0.584666
8UOK,0.752812
8UOL,0.507213
8UPV,1.08959
8UPW,1.14452
8UR9,10.1733
8USM,0.582093
8USR,1.40112
8USS,7.96355
8UTE,3.59228
8UV0,1.57002
8UVY,1.41855
8UW7,0.850105
8UW9,1.31028
8UWP,0.907552
8UXS,1.13527
8UZV,1.8139
8UZZ,0.42708
8V0B,7.74554
8V0C,0.971583
8V17,1.15967
8V2F,1.21041
8V2K,0.721473
8V2T,1.3961
8V42,0.429573
8V4A,0.711215
8V4U,0.882879
8V6Y,0.281511
8V70,0.177446
8V71,0.50712
8V78,0.899808
8V90,0.548932
8V9F,2.36989
8V9M,2.40075
8VBV,0.857283
8VEP,1.52763
8VEQ,1.307
8VG5,0.569778
8VG8,0.529408
8VNX,0.935862
8VO4,0.942318
8VSM,0.791806
8VSO,1.24207
8VSY,9.44959
8VU9,1.19883
8VUB,1.55903
8VUM,1.19089
8VWM,0.680733
8W03,0.681064
8W3D,0.701151
8W3M,0.740822
8W46,0.755627
8W47,7.5408
8W4B,0.727317
8W4Q,6.05862
8W4R,4.15948
8W4S,4.08854
8W4T,4.45916
8W4V,0.376319
8W7H,1.1337
8W8J,2.02823
8W8K,0.432355
8W8L,0.449203
8W9I,1.62041
8WB1,1.92661
8WDN,0.955012
8WDO,1.42581
8WDX,0.472053
8WE3,0.466139
8WGM,1.05011
8WGN,0.545505
8WGS,2.87988
8WHO,1.09415
8WHP,8.24899
8WHQ,0.969907
8WIU,2.5688
8WJY,0.435724
8WK2,0.567204
8WKG,0.533421
8WL0,1.05795
8WPC,0.625168
8WQM,0.674673
8WQO,0.658095
8WRJ,7.99092
8WSW,4.10306
8WTQ,3.36784
8WTS,0.649825
8WZ6,0.658944
8WZP,1.43946
8WZQ,0.357274
8X0V,1.16875
8X2A,0.533621
8X2O,0.813036
8X42,8.32386
8X5C,1.2747
8X5M,0.815877
8X5S,0.546058
8X68,0.55347
8X69,2.99503
8X6A,0.736668
8X6C,2.75188
8X6U,0.704387
8X74,0.610053
8X92,0.743561
8XAR,1.063
8XB0,0.373719
8XC3,1.3154
8XFD,0.700721
8XPV,0.484904
8XU7,1.71763
8Y29,0.369462
8Y2A,0.324482
8Y2B,0.328598
8Y58,6.08632
8YKJ,5.79741
8YKK,5.86837
8YKL,0.962828
8YKM,6.03409
8YKN,5.87122
8YKO,5.99007
8YKQ,5.81461
8YKU,0.451531
8YRV,0.4901
8YY7,1.73367
8YZA,1.52057
8Z30,0.34635
8ZCC,0.743874
8ZII,0.283449
8ZIM,0.638994
8ZIO,0.696137
8ZJV,0.868904
9ARS,0.726489
9AUY,1.18041
9AV1,1.39193
9AXJ,1.3331
9BFG,9.94738
9BL0,1.28607
9BNJ,0.668658
9BO0,10.0383
9BO1,5.25709
9BO2,1.54005
9BOO,0.660626
9BQE,2.04832
9BYJ,0.824621
9BZG,0.661372
9BZL,1.03241
9C1W,3.15132
9C55,1.02125
9C7L,1.30029
9C8T,1.33232
9CDK,5.14899
9CDL,8.94384
9CDM,5.22529
9CJ4,0.709738
9D8M,0.495697
9D8N,0.710792
9DAR,0.36345
9DC8,5.13332
9DDU,7.54549
9DF1,0.592511
9DY7,0.673034
9ECN,0.745801
9EIA,0.863255
9EID,0.835273
9EIF,1.03376
9EMJ,0.471212
9EMX,0.879909
9EPN,1.08998
9ESD,3.47711
9EW3,0.898423
9F6C,1.04744
9FET,4.45285
9FJX,0.494653
9FMH,0.556981
9FMI,0.343999
9FMJ,0.672486
9FMK,0.716158
9FSH,1.33718
9FVO,1.24349
9G8C,1.40691
9G8D,8.02955
9GFE,0.598374
9GKX,0.904422
9GLA,0.352191
9GN6,0.998999
9HHC,2.78994
9HK5,0.385657
9I2Y,0.37097
9INV,0.641173
9IRM,1.87584
9IRP,1.52199
9IWZ,1.52561
9IX1,0.393646
9J6I,0.661783
9JFF,0.489087
9JHW,0.421781
9JPI,1.33826
9LVG,0.185181
9LVH,0.3494
9M3P,0.842781
9QB5,0.53543
