1A28,0.232151
1AQ1,0.289843
1B5D,0.565508
1B5E,0.566841
1D09,0.926962
1D2S,0.406441
1D8D,1.41031
1DB1,0.731791
1DFO,0.662036
1DVX,2.34927
1E6Y,1.28544
1EJ3,0.864703
1EKX,0.834765
1EPV,0.877951
1EYN,1.74363
1EYQ,0.71506
1F1B,0.910723
1FP1,0.909025
1G4S,0.56401
1G6S,0.594484
1G6T,0.771927
1GP5,3.52867
1GW6,0.81269
1H47,1.56761
1H48,1.54624
1H60,0.533827
1H62,0.521765
1HBO,1.45109
1HBU,1.52941
1IE9,0.709757
1IX1,0.696925
1JCS,1.77097
1JF0,1.04261
1JF2,0.865708
1KDP,0.669575
1LB9,1.52422
1LC8,0.888726
1LNM,0.457462
1LW5,0.806522
1M2Z,0.353247
1MDZ,1.14994
1MI4,0.768159
1ML4,0.888026
1MRO,1.53823
1MRQ,0.530088
1NC3,0.508707
1NIU,0.716385
1NR6,5.09068
1NVQ,0.472591
1NVR,0.371425
1OAR,0.555275
1OKY,0.419109
1OW4,0.814792
1P5E,1.68708
1P7L,1.11806
1Q1Y,0.96522
1Q3D,0.40835
1Q5D,1.10205
1Q95,0.985224
1QPD,0.720844
1QV0,0.850744
1QV1,0.814546
1RF6,0.75934
1RG9,1.16927
1RQJ,0.952377
1S9Q,1.03546
1SD1,0.733233
1SL9,0.92475
1T5Z,0.262824
1T63,0.29164
1T65,0.275346
1T73,0.246518
1T74,0.260799
1T76,0.222508
1T79,0.224095
1T7F,0.19892
1T7J,0.88635
1T7M,0.248257
1T7R,0.225536
1T7T,0.213358
1T9D,1.02388
1TN7,1.36297
1TN8,1.43165
1TP7,2.32356
1TXR,1.09022
1UNL,0.920161
1XBC,0.387245
1XJD,0.357902
1XK9,1.33813
1XRY,1.04687
1YA3,0.425
1YHS,0.471229
1YV5,0.861475
1ZCW,2.33972
1ZZ1,0.93042
2AA5,0.263402
2AA6,0.237248
2ABA,0.314642
2AMA,0.246879
2AMT,1.5581
2AWH,1.37092
2B00,1.02302
2BAW,1.54691
2BJ4,1.005
2BVC,0.909668
2BXP,1.17527
2C1Z,0.648391
2C47,0.581986
2C6H,0.664372
2C7X,0.889946
2CLE,1.09141
2CLF,1.00693
2CLI,1.03664
2CLL,1.08773
2DQM,0.97102
2E8X,2.15536
2EK9,1.16886
2F9K,0.990077
2FWZ,1.17158
2GG6,0.8356
2GGA,0.808996
2GGD,0.783837
2GPU,1.05223
2GX4,1.38814
2GZL,1.46224
2HC4,0.664337
2HFK,0.787035
2HI4,0.55234
2HPT,0.960143
2HU4,0.532834
2HZQ,0.531995
2I4U,0.74251
2I4V,0.779995
2J9X,0.666761
2JF9,1.01288
2JI6,0.575553
2JI9,0.7495
2NMY,0.863595
2NMZ,0.777588
2NNK,0.783679
2O0B,0.808208
2O1O,0.923126
2O9B,8.55917
2O9C,0.776953
2OKL,0.637851
2OOL,1.19222
2OS1,0.641895
2P7Z,1.0917
2PIO,0.206635
2PIR,0.427107
2Q0U,0.626073
2Q5Q,0.709351
2Q6M,0.895684
2QAK,0.675727
2QBP,1.31316
2QCI,0.723235
2QD6,0.747767
2QD7,0.597089
2QD8,0.621681
2QFQ,0.77116
2QFS,0.769751
2QFT,0.769
2QFU,0.768087
2QIS,0.893043
2QM9,0.958368
2QRY,0.668227
2RH4,0.762935
2RHC,0.476017
2RHR,0.68296
2RJH,0.644163
2UXU,2.65028
2V52,0.442342
2V7A,0.931992
2VG0,1.89232
2VG3,1.9163
2VKV,0.866613
2VUW,0.333967
2VZM,0.817824
2W3A,1.53898
2W3V,1.06758
2W98,1.72967
2W9H,1.22106
2W9S,0.895011
2WEK,3.19889
2WK9,0.774733
2WOR,1.08899
2XBJ,0.838132
2XPU,0.471547
2Y5S,0.756174
2Y6O,0.982793
2YA8,0.863344
2YN8,0.290358
2ZBZ,1.50816
2ZLC,0.568382
2ZOF,0.892554
2ZOG,0.767162
2ZOQ,0.359813
2ZOX,0.93413
2ZP1,0.62817
3A62,0.383752
3AEN,0.649754
3AEO,0.7224
3AEP,0.634116
3AMA,1.24955
3B0R,0.743462
3B1E,0.754952
3BKB,0.382005
3BL6,1.61484
3BLO,1.17331
3BNY,2.94636
3C0Z,0.634325
3C13,0.414557
3CBL,0.436331
3CFN,5.24495
3CFQ,1.57684
3CL0,0.531777
3COT,6.59253
3CSD,1.166
3CYX,0.752356
3D1X,0.809402
3D1Y,0.825661
3DDQ,1.57605
3DEY,0.743532
3E6E,0.672069
3EBH,0.887299
3ECG,9.90205
3ED0,5.01021
3EKV,0.759475
3EKX,9.11307
3EL4,0.762447
3EL5,9.15738
3ERN,1.85592
3ERT,1.16916
3EWD,0.541269
3FHR,0.27471
3FJX,0.752357
3FJZ,0.759779
3FK0,0.768806
3FK1,0.784306
3FME,0.554877
3FRE,1.27611
3FTX,0.923082
3FUH,0.910445
3FZS,1.01454
3G5H,0.911584
3G5K,0.690712
3GEQ,0.80348
3GFD,0.787811
3H8G,0.875242
3HHU,0.835578
3HMO,0.712491
3HUO,6.1127
3HVF,1.13415
3IAR,0.762075
3IQ7,0.407616
3IRM,0.787665
3KLM,0.743532
3KMR,1.27822
3KPX,1.05097
3KR4,0.875315
3L3X,0.209357
3L3Z,0.239875
3LCS,0.477052
3LDW,0.983609
3LPT,0.997843
3LZ9,2.11004
3M1V,1.38312
3M2R,1.25744
3M2U,1.46383
3M32,1.60412
3M6P,0.642455
3M7R,0.69828
3MDV,3.78623
3MN5,0.368365
3MNE,0.272391
3MNO,0.229737
3MNP,0.240398
3MUF,1.04735
3MXF,0.670404
3NM5,0.348024
3NPC,0.881282
3NU3,0.816749
3NU4,0.794394
3NU5,0.89024
3NU6,0.788067
3NU9,0.758871
3NVS,0.781546
3O02,2.11435
3O2K,0.483654
3O4V,0.619253
3O6O,0.851008
3O9A,0.65438
3O9B,0.666826
3O9C,0.538719
3O9E,0.754193
3O9F,0.794079
3O9G,0.776979
3O9H,0.681337
3O9I,0.620095
3OFM,1.58607
3ONF,0.27947
3ONI,0.891403
3OXC,0.783104
3OXV,0.791534
3OZC,0.736903
3P86,0.429071
3PC3,0.67328
3PE1,0.463742
3PHC,0.325287
3PN4,0.618835
3POT,1.32397
3PWW,1.81604
3PXF,1.09738
3PXQ,2.03904
3PXZ,1.51179
3PZH,0.624436
3Q3Y,1.31427
3Q9X,0.455166
3QDD,0.746835
3RE4,0.505861
3RGA,0.958833
3RI3,0.78835
3S3V,1.01972
3S43,0.779527
3S56,0.912105
3S7O,1.36668
3S7P,1.99813
3S7Q,0.909027
3S91,0.778628
3S95,0.389578
3SLH,0.759803
3SM2,0.761591
3SQG,1.09634
3SXR,0.572326
3SXS,0.797974
3SZL,0.970153
3SZO,0.979474
3SZU,1.05043
3T0F,0.997259
3TL9,0.750609
3TNZ,0.60848
3TUH,1.4245
3TVQ,0.441169
3TZF,1.23213
3U04,0.516878
3UGC,0.727269
3UH2,0.98034
3UR9,1.27763
3UT6,0.267053
3UWB,0.729684
3UWP,0.43101
3VC2,1.92207
3VT3,0.594202
3VT7,0.715528
3VVH,0.95922
3W5P,0.742514
3ZEW,0.427438
3ZMC,1.77128
3ZOU,1.75023
3ZYU,0.461078
4A7A,1.36537
4A87,0.635152
4A8V,0.874092
4AL1,1.01121
4ALG,0.605947
4B1U,0.402681
4B1V,0.570318
4B1W,0.557771
4B1X,0.529617
4B1Y,0.46361
4B7J,0.520204
4BF2,0.375445
4BJH,0.870608
4BZ6,0.971581
4C34,0.427088
4C3Y,0.35095
4C4A,1.41132
4CQH,8.47801
4D06,0.642333
4D7M,0.402702
4D7N,0.59872
4D9M,0.72489
4DCD,3.16899
4DET,1.12385
4DEU,1.0544
4E9B,0.597599
4EAR,0.479862
4EB8,0.591592
4ER6,2.81039
4ERW,0.396111
4EYF,0.902334
4F04,0.875052
4FK7,0.29578
4FLP,0.807788
4FR4,0.439332
4GAA,0.785096
4GBD,0.476544
4GMX,1.34954
4HG7,1.43809
4HPJ,1.03391
4HPX,1.01121
4HQV,0.311331
4HSH,0.183587
4HT0,1.56857
4HT2,1.60618
4HT3,1.03793
4HVC,0.964033
4HVX,0.260759
4ID1,0.649696
4IJG,1.38027
4IYO,0.710861
4J3E,0.884321
4J6C,0.376541
4K7T,5.11645
4KCX,0.833439
4KD1,0.832032
4KFA,1.02874
4KGV,0.859679
4KGX,0.859557
4KGZ,0.853996
4KH0,0.861371
4KH1,0.854597
4KKX,1.12407
4KNN,0.795543
4KP5,0.818954
4KPD,1.00226
4KQO,0.905805
4KQS,0.947827
4L1W,1.32112
4L1X,0.480106
4L5A,0.538478
4L9P,1.65256
4LA7,1.00781
4LUF,0.983236
4LUT,0.696159
4LXZ,0.825731
4M7Y,1.14249
4MG7,0.859531
4MRX,0.854468
4MVF,0.497569
4N1F,0.88562
4N9U,1.0992
4NDN,1.13592
4NH7,0.816869
4NKE,0.981533
4NNS,2.25523
4NQG,0.835351
4NUA,0.937774
4OEZ,0.300193
4OUC,0.384382
4PJT,0.587963
4PKL,6.50773
4Q07,0.946513
4Q09,1.67429
4Q0A,0.887886
4Q0H,0.782694
4Q0I,8.49293
4Q15,0.875038
4Q23,0.933589
4Q4E,0.947595
4Q5M,0.898272
4Q7F,1.20747
4QA0,0.747175
4QA2,0.71751
4QBX,0.470504
4QIY,0.815807
4QIZ,2.43789
4QJ0,1.01022
4QMS,1.77739
4QMU,1.09004
4QMY,0.353939
4QQ5,1.31739
4QZS,0.721605
4R1V,0.667758
4R6E,0.735003
4R7L,0.922104
4REL,0.672735
4RLU,0.643278
4RVJ,0.767836
4RVR,1.01154
4RXD,0.901724
4S23,1.29157
4S39,1.1936
4TJW,1.21424
4TKG,0.722708
4TKI,0.84025
4TQ3,1.52939
4TS9,0.289691
4TSX,0.729398
4TTA,0.418699
4TTI,1.94962
4TTJ,1.95354
4TVJ,0.802752
4TWN,0.970756
4TZC,1.69017
4TZU,2.89971
4U5J,0.876919
4UND,0.990042
4V2Y,0.337285
4V2Z,0.281769
4W9X,2.63219
4WNS,1.4628
4WR7,1.47724
4WW6,1.59812
4WX2,0.990417
4WXF,0.709268
4WXG,0.721647
4X2A,0.748375
4XMX,0.860373
4XT7,1.72028
4XUG,1.04563
4XV2,0.941656
4Y3I,1.13281
4Y5D,0.467934
4Y6G,0.984013
4YDQ,0.844729
4YW5,0.795338
4YZC,0.669483
4Z1W,8.03567
4ZBQ,1.18636
4ZBR,1.21958
4ZLA,0.863684
4ZRR,1.03968
5A0Y,1.43589
5A19,2.45254
5A8K,1.60708
5A8R,1.36944
5A8W,1.62469
5AJG,1.25792
5AKE,0.774775
5AKL,2.05654
5ALZ,1.47004
5AM3,1.42765
5AMH,1.06355
5AMI,0.449897
5AMJ,0.476936
5AUT,0.826858
5AUX,0.621354
5AUY,0.345697
5AV2,0.596138
5B55,0.705565
5BRP,1.46958
5BVW,0.699237
5BW6,1.05272
5C5A,0.835163
5C7N,0.810876
5C8Z,1.83705
5CGQ,1.03518
5CVQ,0.738928
5D85,0.681422
5DAV,1.00855
5DBE,0.731431
5DBH,0.63485
5DBY,1.54576
5DD7,1.53008
5DF7,1.1162
5DFD,0.639264
5DH3,0.685424
5DK4,0.590964
5DR9,1.1155
5DRS,0.973835
5DT0,1.12991
5E1E,0.705513
5E2M,1.72961
5E2N,4.84811
5E8W,0.351553
5E8X,0.406389
5E8Y,0.48017
5EDB,0.724701
5EDC,1.25284
5EEI,1.54711
5EK3,0.857599
5EKD,0.547213
5ETJ,0.311258
5ETM,0.659705
5ETR,0.601667
5EWK,1.01326
5F1V,1.16679
5F63,0.899528
5F7X,0.284002
5F9Z,0.953338
5FAJ,0.658164
5FBF,1.26045
5FKK,0.589596
5FKM,0.492456
5FKN,0.463213
5FKO,0.650883
5FQD,0.26449
5G0R,1.48019
5GP0,1.84939
5HBN,1.90083
5HC8,1.36415
5HLA,1.26446
5HS6,0.757675
5HU1,0.467392
5HZ5,1.09521
5HZ9,0.734838
5I2B,0.681309
5I9Y,0.993668
5I9Z,0.827581
5IB9,1.16641
5ICM,0.239258
5IGK,0.569907
5IGM,0.753491
5JDC,0.552289
5JF1,0.554995
5JF6,0.389979
5JID,1.41664
5JJM,0.275677
5JLJ,2.29888
5K5B,1.31059
5KB3,0.689138
5KD9,0.954236
5KO8,2.43081
5KR0,0.799178
5KR2,0.806127
5L2S,1.12565
5L8M,8.54228
5LBR,8.41716
5LBZ,4.43961
5LGR,0.399157
5LGS,0.349646
5LLN,1.49542
5LLO,1.75918
5M0O,1.33457
5M4C,0.774601
5M67,0.255929
5M7E,0.929577
5M92,0.200822
5MG0,0.977788
5ML0,0.363168
5MLJ,0.737235
5MM6,0.877426
5MSA,1.5726
5MTE,0.567392
5N1Q,1.26957
5N66,1.13399
5NDT,0.235794
5NFX,8.28902
5NJB,0.770072
5NTD,0.982411
5O11,0.575586
5OAH,7.5813
5OBK,1.33991
5OD2,0.459577
5OD5,1.60456
5ODH,2.33479
5ODR,1.38574
5OEW,0.802541
5OH1,0.536952
5OOR,0.413541
5OPC,2.17026
5OWR,2.30832
5OX6,1.98676
5R24,0.982597
5RC4,0.799867
5S2C,1.14449
5S75,1.44752
5S76,1.43714
5S77,1.64643
5S78,1.47945
5S79,1.62436
5S7A,1.45381
5S7B,1.79911
5S7C,1.54944
5S7D,1.48586
5S7E,1.47242
5S7F,1.51606
5S7G,1.64979
5S7H,1.5546
5S7I,1.52178
5S7J,1.49171
5S7K,1.53077
5S7L,1.51791
5S7M,1.59673
5S7N,1.44593
5S7O,1.53007
5S7P,1.6592
5S7Q,1.62673
5S7R,1.53203
5S7S,1.75802
5S7T,1.52402
5S7U,1.61771
5S7V,1.5599
5S7W,1.62864
5S7X,1.5846
5S7Y,1.53041
5S7Z,1.61604
5S80,1.50359
5S81,1.48669
5S82,1.6212
5S83,1.62131
5S84,1.60028
5S85,1.75758
5S86,1.57908
5S87,1.57622
5S88,1.47117
5S89,1.49447
5S8A,1.51168
5S8B,1.50517
5S8R,1.07956
5S8S,1.34225
5S8T,2.1092
5S8U,1.16792
5S8V,1.04697
5S8W,8.64761
5S8Y,1.06537
5S8Z,1.12857
5S90,1.17282
5S91,7.39848
5S92,1.05471
5S93,1.61404
5S94,0.944182
5S95,1.31763
5S97,7.5584
5S9A,1.00438
5S9C,0.803981
5S9E,1.31586
5S9K,1.53522
5S9O,3.84217
5S9P,4.74413
5S9R,6.81711
5SAO,1.70831
5SAP,1.98706
5SAT,7.93842
5SAU,0.578839
5SAV,0.835202
5SAW,0.623176
5SAX,0.592547
5SAZ,0.654865
5SB0,1.05202
5SB1,0.869884
5SB2,0.71847
5SB3,1.50336
5SB4,1.85468
5SB5,1.05702
5SB7,1.56698
5SB8,1.47242
5SB9,1.15979
5SBA,0.768446
5SBB,0.882401
5SBD,0.844429
5SC8,3.23976
5SC9,1.6656
5SCB,1.76832
5SCC,3.16516
5SCD,2.81775
5SCE,3.02598
5SCF,2.64174
5SCG,2.7223
5SCH,3.04938
5SCK,3.11147
5SCL,3.35219
5SCN,0.734784
5SCP,1.62517
5SCQ,1.35303
5SCR,1.44662
5SCT,1.40236
5SCU,0.923982
5SCV,0.857457
5SCW,1.45603
5SCX,1.44181
5SCY,1.27021
5SCZ,1.22609
5SD0,1.10316
5SD3,1.76583
5SD4,0.985106
5SD5,1.35366
5SD6,1.41455
5SD7,3.1149
5SD8,3.40866
5SD9,3.16483
5SDA,0.997623
5SDT,2.86253
5SDU,0.834741
5SE0,1.38066
5SE1,0.947661
5SE2,0.742733
5SE3,9.27738
5SE6,2.33933
5SE8,1.27231
5SE9,0.855363
5SEA,1.24152
5SEB,8.80092
5SEC,0.952938
5SEE,1.15296
5SEH,0.852966
5SEK,0.654759
5SEL,0.672981
5SEM,1.70812
5SEN,2.86163
5SEO,1.15726
5SET,0.877757
5SEW,1.293
5SEX,1.46473
5SEZ,10.005
5SF0,3.21438
5SF1,1.77699
5SF4,1.05138
5SF5,1.82415
5SF7,0.617948
5SFB,3.42192
5SFC,2.9806
5SFD,2.05811
5SFE,1.45925
5SFG,1.31411
5SFH,2.1533
5SFR,2.98428
5SFY,2.15338
5SFZ,1.30551
5SG5,8.69916
5SG6,2.066
5SG9,8.89997
5SGG,1.50091
5SGH,1.17136
5SGK,1.2265
5SGL,7.13496
5SGN,0.615369
5SGP,1.32197
5SGQ,5.51727
5SGR,0.723919
5SGS,8.85355
5SGT,1.17294
5SGU,0.551389
5SGV,0.95277
5SGW,1.09699
5SGX,1.74723
5SGZ,0.545009
5SH2,0.81991
5SH6,0.74815
5SH8,0.930575
5SHB,1.54521
5SHC,1.3129
5SHF,0.938196
5SHG,0.615107
5SHH,2.69213
5SHI,2.11668
5SHP,1.98948
5SHR,1.11379
5SHU,2.35918
5SI3,1.383
5SI5,6.16694
5SI7,0.757702
5SI9,1.25144
5SID,2.0901
5SIF,2.15551
5SIG,6.94739
5SIH,1.4438
5SIM,1.2392
5SIP,0.751083
5SIQ,1.29136
5SIR,1.97221
5SIS,1.20157
5SIU,0.572114
5SIX,1.65188
5SIY,1.62429
5SIZ,3.58629
5SJ2,0.931674
5SJ7,2.53907
5SJ8,0.984792
5SJB,2.75968
5SJC,1.27467
5SJE,1.94902
5SJF,4.43243
5SJG,0.612258
5SJN,2.13619
5SJO,2.1427
5SJV,0.606014
5SJW,0.855166
5SK0,8.77164
5SK4,0.824502
5SKD,2.02913
5SKF,2.57965
5SKG,1.1476
5SKH,1.95755
5SKI,0.828358
5SKM,0.595292
5SKN,0.748426
5SKO,0.825895
5SKR,1.73578
5SKT,3.58303
5SMM,6.26622
5SO4,5.95333
5SOJ,1.4348
5SOK,2.17927
5SOM,8.56394
5SON,1.50954
5SOP,1.61984
5SOR,2.81753
5SOS,2.20164
5SOT,2.37713
5SOX,2.4463
5SP0,2.50414
5SP2,2.77579
5SP3,1.49926
5SP4,0.722747
5SP7,2.79398
5SP8,2.95983
5SP9,6.08321
5SPA,3.09881
5SPB,2.14151
5SPC,3.12017
5SPD,2.93315
5SPE,2.97777
5SPF,1.18538
5SPG,1.51511
5SPH,1.32445
5SPI,1.37016
5SPJ,3.42578
5SPK,6.33114
5SPL,1.88699
5SPM,2.23944
5SPR,4.20994
5SPT,1.56279
5SPU,2.74111
5SPV,2.68448
5SPY,1.04107
5SQ0,4.72777
5SQ1,2.07663
5SQ3,1.01155
5SQ4,0.903273
5SQ5,1.1334
5SQ6,1.04982
5SQ7,1.75134
5SQ9,1.02071
5SQA,0.793648
5SQB,2.02191
5SQC,1.12152
5SQD,0.951417
5SQE,2.97661
5SQF,1.72293
5SQG,1.57206
5SQH,3.19304
5SQI,1.50266
5SQJ,1.34457
5SQM,1.72764
5SQN,1.34438
5SQP,2.62735
5SQR,1.94172
5SQT,3.7543
5SQU,1.8682
5SQV,3.39897
5SQW,1.52764
5SQX,1.09437
5SQY,2.99808
5SR2,1.0014
5SR3,2.88047
5SR4,1.35487
5SR5,1.31671
5SR7,1.00257
5SR8,3.25059
5SR9,1.85807
5SRA,1.04407
5SRB,2.06961
5SRC,1.36896
5SRE,3.6443
5SRF,1.20482
5SRG,0.873589
5SRJ,1.1702
5SRK,1.44217
5SRL,1.92288
5SRM,3.2749
5SRN,1.16705
5SRP,3.65791
5SRQ,1.59698
5SRR,1.98714
5SRS,1.3472
5SRT,5.16159
5SRW,1.2699
5SRX,4.06719
5SRY,1.32776
5SRZ,1.32613
5SS1,1.34585
5SS3,0.704448
5SS4,7.46316
5SS5,3.79354
5SS8,7.56648
5SS9,1.261
5SSA,2.54014
5SSB,6.07904
5SSC,2.12751
5SSD,3.34184
5SSG,3.94918
5SSH,3.20753
5SSJ,1.79589
5SSK,0.798064
5SSL,1.627
5SSM,0.757828
5SSN,0.909706
5SSP,3.29511
5SSQ,0.797119
5SSR,0.922016
5T8Z,0.793685
5TBV,1.87986
5TCG,0.692991
5TCJ,0.69632
5TCK,0.897268
5TS8,2.88739
5TUF,0.873467
5U28,0.854513
5U3F,0.651719
5U3Q,1.36306
5U3R,1.42235
5U3T,1.66292
5U3V,1.73945
5U40,1.29993
5U42,1.49642
5U46,1.49721
5U9N,1.15743
5UGF,0.489675
5USY,1.02135
5V3W,1.02005
5VCP,0.687596
5VCV,1.03277
5VED,0.335532
5W27,2.09615
5W9C,0.992046
5WIN,1.02339
5WNL,0.433539
5WP2,1.02723
5X23,1.52612
5X24,1.74081
5X2X,0.634451
5X2Z,0.672778
5X30,0.72321
5XIQ,1.0658
5XK8,1.54543
5Y1X,1.43872
5Y2U,0.652486
5YIZ,2.04365
5YJ0,1.82956
5YX4,0.846736
5Z02,0.876045
5ZJ6,1.0486
5ZNJ,0.757472
5ZRG,0.789679
5ZXF,0.877347
5ZZA,0.921926
5ZZB,0.450535
6A46,0.759195
6A7P,0.710584
6A9A,0.592756
6AAR,3.05153
6AE3,0.557903
6AJV,0.743643
6AJX,1.2855
6AP6,0.456732
6AQS,1.18766
6AWR,1.327
6C2Z,0.715363
6C5F,0.666709
6C67,0.229928
6C73,1.02768
6CJA,0.723067
6CJR,0.956465
6CJS,1.02981
6CK7,0.672453
6CQF,0.752744
6CT5,0.735463
6D0V,0.995638
6DGZ,0.826671
6DH2,0.845986
6DH5,0.771313
6DH8,0.932362
6DO2,0.250151
6DRW,1.16902
6DUC,1.05287
6DUK,0.972296
6DYT,0.711029
6DZO,1.07953
6E48,0.85455
6EDG,0.88468
6EKS,1.15042
6ENQ,1.02961
6F3P,0.29094
6F4X,1.88943
6F51,0.958937
6F88,0.867283
6F8C,0.397757
6FE1,0.93037
6FFB,0.307788
6FGC,1.18387
6FH3,1.01115
6FH4,1.34551
6FHT,1.50333
6FNM,0.912336
6FSY,1.07668
6FYL,0.436012
6FYP,0.401525
6FYV,0.488679
6G1Y,1.61805
6G1Z,8.35785
6G20,1.50534
6G33,0.406011
6G34,0.330855
6G38,0.362251
6G39,0.316279
6G3A,0.329203
6G4L,0.257732
6G6R,1.30187
6GBT,0.296711
6GMO,1.3988
6GON,1.43337
6GOO,1.34768
6GU6,0.678057
6GUE,0.813997
6GUH,0.918129
6H1T,1.06782
6H45,1.35471
6HGK,0.397016
6HJ2,4.70865
6HL1,0.432315
6HMB,0.362321
6HMQ,0.659593
6HN0,1.17536
6HN8,1.38739
6HNC,0.851988
6I1G,1.60025
6I1I,1.15086
6I35,1.14281
6IPW,1.03252
6ISJ,0.532686
6J0G,1.10016
6JFC,0.778122
6JWA,0.80575
6JXT,1.37136
6K0E,0.645658
6K3L,0.47657
6KAZ,0.755634
6KB4,1.33022
6KB9,0.766304
6L1Z,0.531246
6L23,0.704785
6L70,2.87687
6LD8,0.68006
6LDC,0.850552
6LE8,7.34726
6LO0,1.26984
6LR9,0.907911
6LRM,6.955
6LS4,1.4619
6LSN,1.47011
6LSZ,1.64089
6LTI,1.50141
6LTK,1.00813
6LUD,0.575716
6LXA,1.48167
6LXB,1.35025
6LXC,1.13468
6LZB,0.952872
6LZC,2.09132
6LZL,2.25856
6M2B,0.881413
6M2N,0.723492
6MAX,0.941552
6MD1,0.896415
6MD2,0.849225
6MJW,0.914553
6MLS,0.712245
6MME,0.720998
6MN8,1.04762
6MNE,6.06418
6MO3,0.663418
6MPD,0.732513
6MQQ,0.743459
6MS8,0.67946
6MWL,0.53172
6MX8,0.960596
6MZQ,0.838511
6N5H,1.38907
6NBA,0.722168
6NBE,0.729851
6NBW,0.712182
6NIM,2.78766
6NNH,0.821055
6NUJ,0.977337
6NV8,0.76395
6NWK,0.287633
6O1H,1.03166
6O8I,0.806004
6OIM,1.54807
6OTK,0.891432
6OTM,1.25191
6OTO,1.54217
6OTP,0.99135
6OTQ,1.24611
6OXO,0.747209
6OXP,0.691532
6OXQ,0.819609
6OXX,0.943747
6OXZ,0.802132
6P10,1.39893
6P11,1.05548
6P5S,0.399485
6P9B,0.801082
6PGN,1.65397
6PNZ,1.04108
6PTX,0.926613
6PWH,0.653893
6Q1L,0.78577
6Q3W,1.68227
6Q3X,1.89875
6Q8Z,1.42922
6QAV,0.809758
6QGN,10.9197
6QGP,1.50022
6QGU,0.861128
6QL1,1.8032
6QL3,1.04903
6QMH,4.1985
6R13,0.726548
6R19,0.31623
6R1A,0.4214
6R3S,0.42434
6R42,1.26054
6R6F,1.08064
6R6Y,0.830832
6R9H,1.33457
6RL4,1.31122
6RM5,1.70355
6RM7,1.23144
6RMY,1.06318
6RUL,1.5321
6RUM,1.54898
6RZR,0.793565
6SAX,8.70522
6SCZ,0.640389
6SDL,0.973588
6SFB,1.89845
6SFC,0.713343
6SIQ,0.684294
6SJJ,1.44162
6SLR,3.04113
6SQ1,0.565505
6SQY,0.903196
6SRH,1.57856
6SXC,1.6936
6SXG,1.7589
6T3L,1.15655
6T3P,0.418698
6T3U,1.40358
6T53,0.939163
6T5V,0.55419
6T7K,1.23173
6TCK,0.597576
6TD8,0.453962
6TE7,1.73427
6TET,1.35055
6TEV,8.56746
6TH4,0.593507
6TLL,0.439793
6TLP,0.369122
6TTM,1.15397
6TTN,1.39048
6TUF,1.34897
6TW3,1.20963
6TW4,2.88112
6TW9,2.39685
6TYK,0.788486
6UNS,0.899713
6UVF,4.50691
6UVJ,0.783898
6UXI,0.67494
6UXJ,0.673753
6UXL,0.658175
6UYH,0.823379
6V0U,0.763987
6V14,0.763218
6V16,0.496947
6V1H,0.649049
6V1U,0.553023
6V87,0.992536
6V8M,3.14572
6V8S,0.804528
6VD1,1.19236
6VGL,2.49894
6VIV,1.96651
6VKK,0.966864
6VN8,0.790165
6VNB,2.57948
6VNC,2.60911
6VNF,1.01951
6VNG,1.21607
6VNI,1.5391
6VNJ,2.02025
6VNK,2.56045
6VNL,2.57895
6VNM,1.83841
6VNT,1.05005
6VS3,2.38951
6VXU,7.13436
6VXV,0.957296
6VZA,0.846561
6VZB,1.06289
6W29,4.78198
6W49,4.26353
6W4C,1.95538
6W4R,4.51349
6W53,3.50985
6W56,4.44626
6W6R,1.15535
6W79,1.47199
6W7J,4.30778
6W7K,2.3234
6W7V,0.636283
6W81,1.88184
6WA2,1.63535
6WAO,2.12262
6WC8,1.25246
6WE3,0.702596
6WE4,0.818265
6WF4,1.66301
6WIJ,1.85343
6WNK,7.19869
6WPE,1.5947
6WQS,1.89028
6WR1,7.57282
6WTJ,1.53791
6WTN,2.62237
6WTO,0.862698
6WTQ,1.0303
6WVX,0.778237
6WW0,1.21053
6WX3,1.06424
6WXN,1.23719
6WZW,7.2987
6X0C,0.718743
6X0P,1.20407
6X10,1.09958
6X21,0.747644
6X4K,4.3314
6X6R,
6X6X,5.33918
6XAI,0.450086
6XAK,2.1873
6XAL,1.9055
6XAM,1.86656
6XCT,1.18075
6XCZ,1.76165
6XDB,1.31034
6XDD,1.90419
6XG4,1.4475
6XG5,1.53879
6XJR,1.3115
6XJU,2.05419
6XK0,6.63617
6XL4,1.12156
6XLO,1.47762
6XM7,0.849514
6XM8,1.76918
6XND,1.47585
6XOO,4.50201
6XOP,3.03121
6XOQ,4.58833
6XOY,0.787027
6XQ5,4.94926
6XQ7,2.86958
6XQ8,5.06997
6XQ9,5.17878
6XQR,4.21143
6XRH,1.77037
6XSQ,1.25479
6XSY,1.03627
6XT3,0.951099
6XTW,2.26749
6XU3,0.821589
6XUF,1.1612
6XUJ,5.6938
6XUM,0.443901
6XZ2,0.29717
6XZI,0.530179
6XZJ,0.590262
6XZK,0.635354
6XZV,0.646712
6Y02,0.603993
6Y08,1.31529
6Y0A,0.42434
6Y0P,2.1753
6Y2U,0.881275
6Y4I,1.23985
6Y6J,0.94356
6Y6O,3.59628
6Y7K,0.682726
6Y7L,0.875379
6YAU,2.88142
6YD5,0.388168
6YD6,0.626762
6YDY,0.924608
6YE9,1.04959
6YH5,0.901509
6YH7,1.71233
6YH8,0.917614
6YH9,0.895599
6YHA,1.56422
6YHB,1.40343
6YI6,0.922756
6YJE,3.00997
6YJF,2.49399
6YJM,1.18565
6YK1,3.83397
6YM3,1.16334
6YM4,1.52378
6YM5,1.34738
6YMR,1.40844
6YNT,0.720813
6YOJ,0.797143
6YPF,1.55337
6YQ1,2.17438
6YQZ,3.24481
6YR9,1.40645
6YS6,0.85508
6YSP,0.849514
6YSX,1.28695
6YT6,1.22576
6YVJ,0.830005
6YVS,1.15853
6YVY,1.49213
6YW9,0.810235
6YX1,4.08856
6YXV,0.82634
6YY7,1.38167
6YY8,1.25011
6YY9,1.39411
6YYA,2.34225
6YYB,1.68072
6YYC,1.82028
6YYD,1.62587
6Z0Q,1.81369
6Z1C,0.789468
6Z2C,1.26955
6Z4B,0.863327
6ZAO,8.57727
6ZAQ,2.23247
6ZBN,1.70011
6ZBQ,5.11753
6ZBZ,5.63545
6ZC0,1.95105
6ZC4,1.89885
6ZC6,3.19225
6ZC7,4.95566
6ZCP,0.720165
6ZCR,0.791588
6ZCS,0.868666
6ZCU,0.791588
6ZEY,6.84355
6ZF0,1.179
6ZF1,7.21109
6ZF2,6.3916
6ZF3,1.36224
6ZF4,1.642
6ZF5,2.33189
6ZF6,7.10208
6ZF7,6.8078
6ZF8,7.27572
6ZFZ,1.25875
6ZG4,1.23699
6ZG9,1.03538
6ZGO,0.657564
6ZGV,3.3619
6ZGW,3.44924
6ZGX,1.16204
6ZGY,3.20665
6ZGZ,3.48352
6ZOQ,1.87069
6ZOR,1.24367
6ZOS,1.27237
6ZPA,1.03655
6ZPB,1.12906
6ZQ2,0.821938
6ZR6,0.278838
6ZRB,0.765724
6ZW1,0.853028
6ZYN,2.20658
6ZYP,2.37016
6ZYR,1.72834
7A1J,3.39641
7A1K,1.30413
7A1W,8.34458
7A4Q,0.514443
7A51,0.518456
7A5D,0.657606
7A5Z,1.19669
7A60,1.15838
7A61,1.42457
7A6I,1.08947
7A6J,0.990593
7A6V,1.34519
7A7G,0.865365
7A7H,0.869785
7A9V,0.963142
7AAD,0.886693
7ABE,1.08894
7ABJ,0.782451
7AEQ,1.92109
7AES,1.9109
7AEZ,1.07694
7AFX,0.566788
7AFY,1.08759
7AFZ,0.892577
7AGN,1.9288
7AH3,2.15718
7AJA,0.876978
7AJM,1.47941
7AJV,0.919273
7AJY,5.54026
7AK2,5.5831
7AKA,5.5726
7AKL,6.34669
7AKO,0.266733
7ALA,1.25809
7AMA,1.52875
7AOP,1.98484
7AOT,1.17774
7AOU,1.16575
7APQ,1.15626
7APS,1.19201
7APT,1.21594
7APW,1.63679
7AQF,0.908797
7ARA,10.1108
7AS0,0.480802
7AS1,0.638982
7AS2,0.679235
7ASJ,0.939166
7AT9,1.37587
7AU4,1.11688
7AUX,3.08389
7AUY,3.34782
7AUZ,1.19574
7AV0,0.922924
7AVI,1.71198
7AVL,0.67332
7AVU,0.594975
7AVV,0.608543
7AVY,1.03376
7AVZ,1.78733
7AW0,1.04966
7AW1,0.970301
7AW2,1.37662
7AW3,5.24297
7AW4,6.67014
7AW5,7.07594
7AWF,1.18973
7AX4,3.06406
7AX9,1.9764
7AXA,3.4111
7AXC,3.37998
7AXE,6.61536
7AXI,1.67795
7AXJ,3.47883
7AXK,1.99795
7AXL,3.46076
7AXR,1.21014
7AY6,1.11423
7AYA,0.794456
7AYF,2.37449
7AYJ,0.939914
7AZ1,5.73687
7AZ2,4.77043
7B0V,0.866629
7B0Z,8.14398
7B10,1.51198
7B1E,0.495769
7B1P,0.672806
7B1Q,0.552513
7B1S,1.35318
7B1T,0.359646
7B2C,1.64651
7B2H,1.39894
7B2J,1.04958
7B2U,1.29761
7B2Y,0.760599
7B2Z,0.653194
7B39,0.657528
7B3G,0.635801
7B3H,0.872232
7B3I,0.573369
7B3P,0.813819
7B3X,2.05471
7B45,1.93431
7B4R,1.08008
7B4X,1.07177
7B50,0.504385
7B5Z,0.872422
7B63,1.51295
7B64,1.61304
7B65,1.67039
7B66,1.37889
7B67,1.4299
7B77,1.49713
7B7I,2.43244
7B7R,1.56721
7B7V,0.734364
7B94,1.94789
7B9C,11.9104
7B9H,2.34451
7B9L,1.82498
7B9M,3.39285
7B9R,5.99323
7B9T,3.23868
7BA3,4.78016
7BA5,4.04056
7BA6,3.34637
7BA7,3.47861
7BA9,5.05936
7BAB,2.98087
7BAQ,1.51587
7BAR,0.778951
7BBU,1.42458
7BDP,4.96577
7BDT,5.02198
7BE5,1.85595
7BE6,1.62727
7BF6,1.62824
7BGQ,5.12007
7BGR,5.51305
7BGV,1.88726
7BGW,1.40759
7BHJ,0.966463
7BHS,4.5755
7BHU,3.64805
7BHV,1.50678
7BHW,5.43556
7BHX,1.47579
7BI3,5.59034
7BIK,0.737593
7BIQ,5.18629
7BIR,1.14056
7BIS,5.61747
7BIV,4.98357
7BIW,4.61322
7BJ0,3.37325
7BJ1,1.81671
7BJ6,4.45076
7BJ9,3.50955
7BJO,0.360923
7BJR,0.69184
7BK1,0.630562
7BK9,6.83734
7BL8,0.774136
7BL9,0.880197
7BLA,1.188
7BLB,1.29554
7BLD,0.743545
7BLI,5.42272
7BLT,1.21614
7BLW,0.936595
7BMG,0.943432
7BMK,0.762494
7BNL,2.13025
7BQ2,1.10557
7BQ4,1.17346
7BQU,1.06088
7BTT,0.66269
7BU4,1.29556
7BUR,0.65971
7C2F,0.655035
7C2X,2.21931
7C2Z,0.765384
7C3G,0.744803
7C3Q,0.83214
7C3Y,0.811775
7C6P,0.777773
7C6U,2.86974
7C7B,0.576612
7C8T,3.94318
7CAV,1.68183
7CB7,2.46979
7CBJ,1.64382
7CBQ,1.67813
7CC3,1.46009
7CD9,2.5437
7CE4,2.24403
7CEP,0.683542
7CER,1.479
7CES,0.729059
7CHT,0.797829
7CIG,1.08453
7CII,2.71388
7CIJ,0.778901
7CIL,1.29991
7CIM,0.812369
7CJA,0.85329
7CJL,1.24892
7CKK,7.54668
7CKN,1.15739
7CND,2.7528
7CON,1.21314
7COO,1.42032
7COZ,1.57328
7CP8,1.40526
7CQR,2.17603
7CQS,1.1485
7CQU,0.709861
7CRZ,1.27312
7CS4,4.37844
7CS5,8.52174
7CS6,1.95343
7CSB,2.55408
7CSD,1.84909
7CSE,2.32811
7CSH,2.46861
7CT7,2.14734
7CTC,2.43248
7CVR,1.25724
7CX6,1.63347
7CX8,1.4166
7CZI,1.20464
7D0T,1.43176
7D19,0.937224
7D1C,1.13205
7D1M,3.80753
7D1V,6.58051
7D22,0.904582
7D24,0.822222
7D25,0.776202
7D26,1.10723
7D2V,0.541639
7D2X,1.07238
7D57,1.73679
7D5A,0.743455
7D5B,0.50233
7D5U,0.611909
7D79,1.57533
7D7L,2.14582
7D8E,1.6083
7DAE,0.750026
7DAF,0.757331
7DB4,1.19098
7DB8,1.6423
7DBA,2.18567
7DBJ,8.3151
7DCF,0.708908
7DCZ,0.571143
7DE2,1.04056
7DE7,6.46297
7DEM,0.783632
7DEN,1.48036
7DFU,1.47448
7DGB,1.26889
7DGG,1.71602
7DGH,3.12942
7DH3,3.33188
7DH9,5.24901
7DHJ,1.19824
7DHN,5.45904
7DHS,0.888762
7DIA,1.50313
7DJI,1.58438
7DLI,2.51988
7DOZ,9.12583
7DP8,1.48678
7DPN,2.14241
7DPO,2.8568
7DPU,1.02116
7DPV,2.10175
7DQM,6.44415
7DT5,1.54115
7DT6,1.39612
7DT8,1.95355
7DT9,0.7974
7DU9,0.688882
7DUA,0.736073
7DV0,0.980669
7DY7,1.53307
7DYT,1.11163
7DYU,1.03301
7DYV,1.2113
7DYW,2.09067
7DYX,2.15013
7E0A,3.21192
7E19,1.24692
7E1P,2.88939
7E2T,7.21135
7E2U,6.9653
7E38,4.56725
7E46,1.2362
7E4B,6.09563
7E4P,1.11987
7E5H,2.19127
7E5I,1.81779
7E60,2.25006
7E6C,0.697474
7E6Q,1.22551
7EBA,6.44646
7EBH,5.30016
7EBW,0.720165
7EC0,2.27837
7EDZ,1.07922
7EFJ,4.65585
7EFQ,0.928265
7EG2,0.938968
7EG3,1.07766
7EGO,2.50916
7EHW,1.21063
7EHY,0.798207
7EIG,5.91825
7EIK,0.950121
7EIL,1.58692
7EJQ,2.50975
7EJR,2.6754
7EJV,1.33312
7EKA,5.40437
7EKD,0.822525
7EKV,2.25064
7EMJ,1.87342
7EN8,1.54512
7EN9,5.20634
7END,1.54381
7ENS,0.620301
7EPE,1.16784
7ER7,2.49816
7ER9,8.45326
7ERA,4.22884
7ERB,0.724906
7ERC,4.55107
7ERD,6.21083
7ERE,3.68631
7ERJ,1.95885
7ERK,2.02526
7ES1,2.29638
7ETK,5.31032
7EV2,0.685509
7EVU,1.18923
7EVV,1.68043
7EXC,0.658489
7EYT,5.71341
7EYU,5.62194
7EZQ,1.47442
7F0M,2.57495
7F0Y,2.34484
7F10,2.93985
7F11,4.85661
7F14,1.48206
7F1D,0.442281
7F1G,0.547165
7F1U,0.788249
7F1V,0.761817
7F2K,1.89886
7F3G,3.57088
7F3O,0.920942
7F42,1.00703
7F43,1.29463
7F5C,2.6256
7F5D,0.684801
7F7W,1.03613
7F98,1.54823
7F99,9.83985
7F9A,10.6895
7F9B,1.59055
7F9P,1.54046
7F9R,1.77361
7F9S,2.33645
7F9T,10.6598
7F9V,2.38954
7FAI,0.857142
7FAJ,1.06063
7FAK,10.87
7FAN,2.26208
7FAQ,0.770194
7FAR,1.3763
7FAY,1.44921
7FBQ,1.41159
7FCZ,1.40877
7FD0,1.48752
7FD6,1.46013
7FD7,1.3144
7FDX,1.04672
7FEH,1.02642
7FEK,1.40777
7FEU,1.53227
7FGD,0.595155
7FGX,1.08781
7FH4,0.69749
7FHB,2.87843
7FHS,6.11471
7FK7,2.06806
7FKF,1.59977
7FKG,1.22509
7FKM,2.3778
7FKT,3.1972
7FKZ,1.18162
7FL7,1.90236
7FME,3.10666
7FMI,1.25044
7FOJ,2.6929
7FP8,1.64825
7FQH,1.21501
7FR4,1.04779
7FR6,5.0716
7FR8,5.22991
7FR9,1.53465
7FRA,2.13755
7FRD,1.74148
7FRV,3.00352
7FRW,1.05977
7FRX,1.54879
7FRY,1.59356
7FRZ,9.94807
7FS0,1.30622
7FS4,1.24376
7FS8,8.86384
7FS9,1.59485
7FSC,9.6736
7FSD,1.938
7FTM,2.91102
7FTO,0.653065
7FTQ,0.510428
7FTR,1.20727
7FTV,1.74592
7FTW,1.50349
7FTZ,2.81475
7FU2,0.697488
7FU6,0.738826
7FU7,0.935325
7FU8,2.0815
7FUF,2.09252
7FUK,1.82301
7FUM,1.0446
7FUQ,0.655783
7FUR,5.52737
7FUS,1.35516
7FUT,0.948016
7FUU,1.26105
7FUV,0.770796
7FUW,9.99972
7FUX,0.781234
7FUY,1.68056
7FV0,1.01553
7FV1,1.58129
7FV2,1.17639
7FV3,1.87678
7FV4,1.65915
7FV5,1.26537
7FV6,8.49714
7FV7,0.777886
7FV9,0.993399
7FVB,0.853504
7FVC,2.01233
7FVD,1.41169
7FVE,2.06031
7FVF,1.34301
7FVH,1.50895
7FVI,7.67169
7FVJ,7.72491
7FVK,8.36807
7FVM,1.13108
7FVN,1.31676
7FVO,1.97829
7FVP,1.07553
7FVQ,1.17427
7FVR,1.56442
7FVV,1.06737
7FVW,1.79041
7FVX,0.883447
7FVY,1.75454
7FVZ,1.01327
7FW3,0.798079
7FW6,1.76217
7FW7,1.10689
7FW8,0.664758
7FW9,3.33966
7FWB,0.601747
7FWC,0.966774
7FWD,1.04484
7FWF,1.28543
7FWG,1.71522
7FWH,1.49556
7FWI,2.15451
7FWJ,1.20209
7FWL,1.75747
7FWM,1.70493
7FWN,0.878413
7FWP,1.70665
7FWQ,0.393466
7FWR,2.32534
7FWU,1.85996
7FWW,2.04291
7FWX,3.25703
7FWY,0.565207
7FWZ,1.08627
7FX0,1.90944
7FX1,1.03858
7FX4,1.09741
7FX5,4.95482
7FX6,1.16123
7FX7,5.01053
7FX8,1.47477
7FXA,4.26615
7FXB,1.86495
7FXC,1.80313
7FXE,1.28409
7FXF,1.03726
7FXG,1.00404
7FXH,0.87099
7FXI,1.54578
7FXK,3.73252
7FXN,0.977133
7FXP,1.01375
7FXR,1.04802
7FXS,1.33077
7FXT,3.01919
7FXV,1.69787
7FXW,1.73356
7FXZ,2.2828
7FY0,3.93
7FY6,5.30981
7FY7,2.16338
7FY8,7.03582
7FYB,1.06981
7FYC,1.28156
7FYD,0.847129
7FYF,1.14867
7FYI,1.77692
7FYM,1.74362
7FYO,1.57346
7FYP,2.9728
7FYQ,1.54882
7FYR,1.62812
7FYS,0.876875
7FYT,9.32649
7FYU,1.18985
7FYV,1.15366
7FYX,0.951737
7FYY,2.7016
7FYZ,1.50567
7FZ0,1.07523
7FZ1,0.88702
7FZ2,0.876075
7FZ3,0.987471
7FZ4,4.52541
7FZ5,4.97975
7FZ7,0.930009
7FZ9,5.51688
7FZC,1.07575
7FZD,0.841171
7FZF,1.48359
7FZH,1.22636
7FZI,4.39025
7FZJ,2.50191
7FZL,0.473565
7FZM,1.64993
7FZN,0.636058
7FZO,1.5102
7FZR,2.13516
7FZS,0.683004
7FZU,2.09776
7FZW,4.70281
7FZX,1.6361
7FZY,0.87269
7FZZ,0.830064
7G01,0.983061
7G02,0.826842
7G04,1.04627
7G05,1.86203
7G06,0.700402
7G07,4.67
7G08,0.561229
7G09,1.39559
7G0A,1.19713
7G0B,0.918233
7G0C,1.78649
7G0E,1.11786
7G0F,1.4091
7G0G,0.823117
7G0I,1.06232
7G0J,0.998255
7G0K,1.2493
7G0L,1.05616
7G0M,5.61268
7G0P,1.02983
7G0Q,0.820477
7G0S,1.73461
7G0T,1.22134
7G0U,5.83141
7G0V,1.37133
7G0Z,4.64782
7G10,1.79702
7G11,2.23188
7G12,1.17677
7G13,4.53731
7G14,1.72683
7G16,3.74547
7G17,2.10867
7G18,1.37361
7G19,3.93985
7G1A,1.26039
7G1B,0.79225
7G1D,0.621783
7G1E,0.828627
7G1F,1.34286
7G1G,0.936279
7G1H,1.57735
7G1I,0.940217
7G1J,4.52686
7G1K,1.08114
7G1L,1.67734
7G1M,3.89079
7G1O,5.37833
7G1Q,1.03173
7G1R,3.42311
7G1S,1.38665
7G1U,4.21477
7G1V,1.4242
7G1W,1.6632
7G1Z,0.886225
7G20,2.65796
7G21,1.81731
7G99,1.62301
7GAV,7.16623
7GAW,1.21988
7GAX,0.784767
7GAZ,5.16944
7GB0,1.15132
7GB1,1.87963
7GB6,0.874738
7GB7,0.927351
7GB8,0.587101
7GBA,1.55109
7GBB,5.01281
7GBC,6.90728
7GBD,0.832357
7GBE,1.29971
7GBF,1.39027
7GBG,0.668077
7GBH,1.94273
7GBI,1.94436
7GBJ,2.11811
7GBM,1.15379
7GBO,0.470885
7GBP,0.721099
7GBQ,0.920644
7GBR,7.91196
7GBT,2.79447
7GBU,5.84141
7GBV,1.1158
7GBW,0.432371
7GBX,0.492871
7GC2,1.50553
7GC3,0.76459
7GC4,0.629386
7GC6,1.35931
7GC7,2.42386
7GC8,1.78107
7GCB,0.596349
7GCC,1.07247
7GCE,0.876897
7GCF,0.88274
7GCK,0.366946
7GCL,0.740813
7GCN,1.23365
7GCO,2.73349
7GCP,4.21436
7GCQ,0.594359
7GCS,0.754042
7GCT,7.11447
7GCU,0.777933
7GCV,0.748645
7GCW,1.1416
7GD0,0.665609
7GD1,1.1227
7GD2,1.48148
7GD3,0.895921
7GD4,1.04639
7GD5,1.35072
7GD6,0.707911
7GD7,5.30173
7GD8,1.08117
7GDA,0.609374
7GDB,2.44854
7GDC,1.12738
7GDD,0.562687
7GDE,0.560083
7GDF,0.943997
7GDJ,1.10026
7GDL,1.57878
7GDN,1.06013
7GDP,1.32404
7GDS,1.2188
7GDT,2.66581
7GDZ,2.13259
7GE0,1.94396
7GE2,1.71028
7GE3,1.6119
7GE4,0.572912
7GE7,0.64839
7GE8,7.97242
7GE9,0.467144
7GEA,0.820797
7GEB,8.07704
7GEC,0.571076
7GEE,1.48696
7GEG,0.532366
7GEH,0.908257
7GEI,0.425686
7GEJ,0.790177
7GEL,1.71174
7GEM,0.978511
7GEN,0.707026
7GEO,1.25662
7GES,0.669699
7GEU,0.77468
7GEV,0.78611
7GEW,0.494275
7GEZ,7.51214
7GF0,0.759451
7GF2,0.574057
7GF3,1.7038
7GF5,1.09922
7GF6,1.64052
7GFB,0.804893
7GFE,1.73084
7GFH,0.681756
7GFI,6.88401
7GFJ,1.20761
7GFK,6.92542
7GFL,0.650111
7GFM,1.11098
7GFN,1.0309
7GFO,1.31921
7GFQ,0.996874
7GFR,0.606669
7GFS,1.75492
7GFT,2.05061
7GFU,1.16261
7GFX,7.17633
7GFZ,2.80705
7GG0,0.752358
7GG1,2.37756
7GG2,0.771191
7GG4,0.887769
7GG5,1.28278
7GG6,6.88777
7GG7,6.00356
7GG8,0.389179
7GG9,1.11208
7GGA,1.03849
7GGB,2.32775
7GGD,7.45721
7GGE,5.21957
7GGG,0.73437
7GGH,0.644082
7GGI,0.455585
7GGK,6.53209
7GGM,0.847536
7GGO,0.504659
7GGP,2.50769
7GGQ,6.87436
7GGR,1.26122
7GGS,2.27378
7GGT,0.659245
7GGV,1.23368
7GGW,0.754284
7GGX,1.99943
7GGZ,7.00613
7GH0,1.30417
7GH1,2.24856
7GH2,2.16082
7GH5,0.554806
7GH6,2.13335
7GH7,6.70963
7GH8,0.936219
7GH9,6.56115
7GHC,7.07947
7GHD,4.59741
7GHF,5.98113
7GHL,0.932824
7GHM,8.29064
7GHN,1.20634
7GHO,1.12649
7GHP,1.03364
7GHQ,1.26279
7GHR,6.92276
7GHS,2.18906
7GHT,1.4103
7GHU,2.06595
7GHV,1.71764
7GHW,2.92002
7GHX,2.41449
7GHY,0.780027
7GHZ,6.98582
7GI0,6.99344
7GI1,1.07775
7GI2,6.77967
7GI3,2.09498
7GI4,0.728757
7GI5,1.57755
7GI6,7.63283
7GI7,1.34989
7GI8,7.10456
7GI9,7.30521
7GIA,7.3617
7GIB,7.21462
7GID,6.99321
7GIF,7.33415
7GIG,0.777417
7GIH,1.44643
7GIJ,1.16451
7GIM,2.07363
7GIN,1.81111
7GIO,0.825968
7GIP,2.57312
7GIQ,3.67905
7GIR,6.9741
7GIS,7.38122
7GIT,7.31721
7GIU,1.6815
7GIX,2.70581
7GIZ,1.95193
7GJ0,1.3247
7GJ2,1.20885
7GJ3,1.13754
7GJ4,7.2913
7GJ5,7.05392
7GJ6,7.18123
7GJ7,2.33802
7GJ8,6.10309
7GJB,2.41662
7GJC,2.09144
7GJD,6.85741
7GJE,2.11388
7GJF,1.38409
7GJG,7.21445
7GJH,7.2688
7GJI,2.5642
7GJJ,1.16218
7GJK,2.06585
7GJL,1.00752
7GJM,6.89516
7GJN,1.40937
7GJP,1.0017
7GJQ,7.01297
7GJT,2.62015
7GJV,7.09029
7GJX,7.26026
7GJY,4.18656
7GJZ,2.60622
7GK0,2.36388
7GK1,7.33929
7GK2,6.88823
7GK3,6.83179
7GK5,0.96289
7GK6,7.00596
7GK7,1.96562
7GK8,3.50049
7GK9,2.12234
7GKA,1.30635
7GKB,2.60213
7GKC,1.13426
7GKE,7.31577
7GKF,7.36059
7GKG,7.33942
7GKH,2.2403
7GKI,0.952606
7GKJ,7.03979
7GKK,0.79512
7GKL,2.3248
7GKM,6.68254
7GKN,2.42045
7GKO,6.41104
7GKP,4.6354
7GKQ,1.59304
7GKR,1.05327
7GKS,1.2923
7GKT,3.48041
7GKW,1.34939
7GKX,2.73727
7GKZ,0.584152
7GL0,1.72396
7GL1,2.50277
7GL2,1.1549
7GL3,1.35515
7GL4,1.12522
7GL5,3.86994
7GL6,2.44239
7GL7,1.65225
7GL8,1.33785
7GL9,2.21275
7GLA,7.32043
7GLB,1.53582
7GLD,1.36283
7GLE,1.94637
7GLF,1.48229
7GLG,1.28534
7GLH,2.83996
7GLI,1.44852
7GLJ,1.44613
7GLK,1.45702
7GLL,5.83446
7GLM,1.44688
7GLN,1.43984
7GLO,0.772164
7GLP,0.937276
7GLQ,0.993069
7GLR,0.926171
7GLS,0.770013
7GLT,5.77235
7GLU,7.25105
7GLV,1.43303
7GLW,7.3755
7GLX,3.74356
7GLY,1.50265
7GLZ,1.67653
7GM0,1.23142
7GM1,3.719
7GM2,1.52342
7GM3,0.752313
7GM4,6.20243
7GM5,6.00507
7GM6,1.51137
7GM7,7.58194
7GM8,3.17797
7GM9,1.45084
7GMA,2.08093
7GMB,1.03355
7GMC,6.38293
7GMD,1.80011
7GME,1.10177
7GMF,1.24956
7GMG,2.7428
7GMH,3.42235
7GMI,0.744611
7GMJ,2.04603
7GMK,1.68427
7GML,1.30707
7GMM,2.33943
7GMO,1.5853
7GMP,0.760911
7GMQ,1.06923
7GMR,4.01721
7GMS,3.01039
7GMT,3.41879
7GMU,2.35613
7GMV,2.25503
7GMW,1.66345
7GMX,4.0251
7GMY,1.91009
7GMZ,1.25923
7GN0,5.30661
7GN1,1.07875
7GN2,6.654
7GN4,6.26183
7GN5,6.02999
7GN8,2.36633
7GN9,6.24997
7GNB,1.35553
7GNC,2.13533
7GND,7.73172
7GNE,7.13413
7GNF,7.67297
7GNG,2.22684
7GNH,2.3928
7GNI,2.65823
7GNJ,2.10042
7GNK,2.18296
7GNL,5.57242
7GNM,5.91862
7GNN,5.93286
7GNO,4.93225
7GNP,2.01862
7GNQ,5.36805
7GNR,2.11023
7GNS,5.94601
7GNT,1.89196
7GNU,5.88366
7GPJ,2.44966
7GQU,4.64225
7GRL,2.08093
7GRT,2.46194
7GY4,0.328206
7GY5,0.310878
7GY6,0.370036
7GY7,0.386889
7GY8,0.360666
7GY9,0.357247
7GYA,0.389896
7GYB,0.385787
7GYC,0.376416
7GZ7,0.971609
7HG6,1.72262
7JG0,0.794569
7JHW,1.04456
7JIS,1.15129
7JIU,0.934408
7JJG,1.77802
7JKW,0.833878
7JKX,1.91501
7JKY,1.09043
7JKZ,1.49099
7JLL,1.03573
7JLR,1.12876
7JMQ,1.03735
7JOM,3.22006
7JP0,1.16545
7JR6,1.56012
7JR8,1.19529
7JRW,1.11797
7JS8,0.6757
7JSP,5.29834
7JT5,1.28647
7JT6,1.12905
7JTC,1.03247
7JTT,1.0045
7JVU,0.693383
7JWL,1.78126
7JX9,3.35288
7JXL,1.20101
7JXM,1.16114
7JXP,0.884424
7JXQ,0.899544
7JXX,0.918895
7JXY,1.86231
7JXZ,6.62984
7JY0,5.3637
7JY1,4.0851
7JY3,6.50753
7JY4,4.03438
7JYR,0.613911
7K03,4.94051
7K0D,6.6428
7K0E,2.44345
7K0G,2.49477
7K0V,0.853468
7K1P,1.00656
7K27,4.37443
7K3I,1.70208
7K41,1.56347
7K6A,1.02491
7K6R,0.652476
7K7Q,1.07171
7K89,1.11082
7K8G,1.49345
7K9N,1.2626
7K9U,1.46748
7K9V,1.47387
7K9W,8.19833
7KA1,1.04392
7KB1,0.657361
7KBN,1.02429
7KCE,5.33245
7KCF,7.37541
7KCO,1.69324
7KDA,6.07494
7KDB,6.81783
7KDZ,1.12128
7KFP,1.11061
7KG0,1.49268
7KG7,1.66886
7KGW,1.96494
7KGX,0.989339
7KH4,1.04445
7KH5,2.98057
7KH6,1.08155
7KH8,1.33109
7KHG,1.07247
7KHK,0.740486
7KHL,1.0404
7KI7,1.01446
7KI8,0.783563
7KI9,1.01027
7KIA,1.14317
7KIC,0.70256
7KJD,1.24689
7KJS,0.95378
7KK3,0.677085
7KK4,0.985506
7KK5,0.671195
7KKD,1.3093
7KKN,0.845011
7KKO,0.725047
7KKP,0.741548
7KKT,1.17588
7KM1,1.11251
7KM7,0.617794
7KM8,0.891648
7KM9,0.929997
7KMY,1.67341
7KNJ,2.66122
7KNR,1.68438
7KNZ,1.74572
7KO0,1.70718
7KO6,3.65242
7KOP,1.16364
7KP6,1.10168
7KPA,8.95724
7KPE,1.50771
7KQ9,0.690212
7KQF,1.05037
7KSI,1.12033
7KSK,0.664748
7KTO,1.33295
7KU9,1.02119
7KWA,0.922537
7KWE,1.00729
7KWU,1.26607
7KWV,1.02674
7KX6,0.730037
7KXB,2.01811
7KXC,1.01517
7KXD,1.37446
7KXF,1.38185
7KXH,1.12828
7KXL,1.06299
7KXN,1.14459
7KXO,1.31844
7KXP,1.53221
7KXT,1.27167
7KXZ,1.18098
7KYK,1.88563
7KYT,0.996215
7KYV,2.67067
7KYY,2.17626
7KZ4,1.95434
7KZY,1.73225
7L00,9.76056
7L01,2.5686
7L0E,1.297
7L0K,1.8009
7L10,1.37908
7L11,1.52769
7L14,1.92514
7L1H,1.0306
7L1J,1.00024
7L1X,3.63958
7L25,1.11441
7L28,4.50413
7L4T,0.797715
7L4W,1.79424
7L50,0.71483
7L5F,1.92762
7L6D,0.642018
7L76,1.28159
7L7C,0.683854
7L99,2.20233
7L9A,4.8931
7LAF,1.3261
7LAH,0.753581
7LAY,2.57004
7LB0,5.24034
7LB1,5.34631
7LB2,5.18508
7LB3,2.4858
7LBR,2.89464
7LCB,0.709935
7LCR,3.80102
7LCT,1.66501
7LCU,1.72839
7LDY,0.762692
7LDZ,0.643391
7LE0,0.647479
7LE2,0.596867
7LE3,0.593882
7LE4,0.771377
7LE5,0.717618
7LE6,0.673897
7LEL,0.919495
7LEO,3.03612
7LEV,0.708242
7LF3,2.27695
7LGX,1.10193
7LHP,1.03577
7LI5,1.4334
7LK0,0.803973
7LKK,0.811527
7LKL,1.02554
7LKS,2.09068
7LKT,2.80461
7LKU,3.03739
7LKV,3.53677
7LKW,2.13045
7LKX,2.26347
7LL3,1.45815
7LL4,1.94616
7LL5,1.32723
7LLF,2.76515
7LM4,2.13305
7LMD,1.0556
7LMT,1.71343
7LNL,1.26286
7LNM,1.52602
7LNN,1.71468
7LOM,0.80428
7LON,1.52432
7LP0,0.611362
7LP7,0.993672
7LPF,1.12665
7LPW,1.3431
7LPX,1.9293
7LQD,1.40953
7LR9,1.28328
7LRL,3.17803
7LS3,1.45652
7LS4,5.36473
7LSQ,1.2836
7LSZ,1.69431
7LT0,1.06683
7LT4,1.08234
7LTG,3.70837
7LTJ,2.02068
7LTK,4.83735
7LTP,1.01783
7LTX,1.01524
7LTY,0.836613
7LUJ,1.21099
7LUK,2.042
7LVI,1.16389
7LVX,1.05479
7LWE,0.781707
7LY8,1.04883
7LYE,0.916799
7LYH,1.27937
7LYI,1.9628
7LZD,0.916362
7LZF,1.32361
7LZO,0.344496
7LZQ,0.731918
7LZT,3.15918
7LZU,2.00675
7LZX,1.6613
7LZY,1.22294
7M01,3.83059
7M04,3.44645
7M0K,0.706507
7M0L,0.660536
7M0M,1.15087
7M0X,0.757564
7M16,1.48567
7M23,0.997693
7M24,0.873071
7M2E,1.01052
7M2F,1.30311
7M2L,1.11845
7M3H,1.38596
7M3S,1.18658
7M3Y,0.553939
7M3Z,1.70127
7M41,2.14904
7M7V,1.48199
7M8M,5.23723
7M8N,5.2044
7M8P,4.87566
7M8X,7.90591
7M8Y,6.78854
7M8Z,6.41554
7M91,4.95158
7M95,1.20704
7M9G,0.914159
7M9H,0.828756
7M9R,0.964586
7M9S,0.657836
7M9T,0.627144
7M9V,0.661252
7M9W,0.581703
7M9X,0.79544
7M9Z,0.774837
7MA0,0.781529
7MA1,0.630905
7MA2,0.67127
7MA3,0.726313
7MA4,0.768148
7MA5,0.567423
7MA7,0.890319
7MA8,0.77554
7MA9,0.762127
7MAA,0.724858
7MAZ,1.69596
7MB0,1.44762
7MCE,3.10584
7MCF,3.20375
7MCJ,1.66857
7MCK,1.35242
7MCU,1.11404
7MDB,6.36308
7MDN,1.8397
7ME8,0.998795
7MFX,7.76883
7MFY,1.20598
7MJD,1.81321
7MLC,1.51374
7MLD,1.58614
7MLG,1.51541
7MLQ,4.82052
7MLR,1.40612
7MLS,0.749694
7MOS,0.915495
7MOX,0.838251
7MOY,0.749315
7MOZ,0.796472
7MPH,2.56736
7MQP,1.22275
7MR9,0.456729
7MRA,0.577325
7MRB,0.751017
7MRG,0.767483
7MRH,0.663219
7MS6,1.88134
7MSB,0.612701
7MSD,0.78611
7MT4,1.05695
7MT5,1.03134
7MT6,1.0288
7MTU,1.43602
7MTX,8.01585
7MTY,1.55769
7MWN,3.46667
7MX0,1.51823
7MY5,2.21332
7MYI,0.928854
7MYR,0.489912
7N03,1.19194
7N2A,1.00509
7N3L,1.12727
7N42,1.17145
7N44,5.0519
7N47,1.98027
7N4N,1.60951
7N4Q,1.88459
7N4R,0.677122
7N4S,0.849576
7N4W,0.953188
7N4Z,6.69308
7N54,0.623541
7N55,3.87153
7N5X,0.318054
7N5Y,0.970069
7N66,0.816844
7N6F,1.06075
7N6V,0.802262
7N6X,0.877067
7N7U,3.79836
7N8E,1.03681
7N8L,0.974565
7NA3,3.88204
7NAJ,2.30397
7NB4,0.663063
7NBW,0.919178
7NC4,1.24396
7NGD,0.949328
7NGG,1.15651
7NGI,1.74583
7NGR,7.7794
7NGX,11.0121
7NGY,0.995887
7NH4,4.06962
7NH5,13.4177
7NHH,1.24985
7NHI,1.30326
7NIG,5.13757
7NJ9,2.80724
7NJA,4.91431
7NJB,5.07745
7NK3,1.9629
7NK5,6.26319
7NKG,1.23936
7NL6,6.69745
7NL7,6.98184
7NLA,5.55199
7NLM,1.28721
7NM1,5.87452
7NN2,1.62525
7NND,4.70424
7NNE,1.07733
7NNS,0.960758
7NNW,0.847871
7NOS,0.673871
7NP6,0.786264
7NPB,4.59067
7NPG,0.998548
7NPK,2.28893
7NPL,2.19697
7NQ8,5.30017
7NQI,5.63163
7NQJ,5.2128
7NQN,1.89726
7NQP,5.75196
7NQW,1.51702
7NR4,
7NR7,3.51291
7NRB,0.427776
7NRL,4.41937
7NRO,0.87227
7NSV,5.18145
7NTB,1.16962
7NTH,1.8756
7NTI,2.26422
7NTV,5.81557
7NV4,5.23636
7NVI,4.94073
7NW2,5.95932
7NWA,0.861232
7NWC,2.08772
7NWS,5.7015
7NXJ,2.39818
7NXN,3.22042
7NXO,1.51105
7NXS,5.55571
7NXT,5.60013
7NXW,5.03682
7NXY,5.29487
7NY9,1.05566
7NYE,5.87065
7NYF,5.40869
7NYG,5.1099
7NZ6,6.89747
7NZN,2.11105
7NZS,1.61099
7NZT,1.64215
7NZW,1.88928
7NZY,1.99962
7O0L,2.55884
7O22,0.834383
7O27,1.67727
7O28,1.69523
7O2A,1.19794
7O2F,1.68366
7O34,1.8421
7O3Q,5.44363
7O3U,0.726576
7O59,5.03212
7O5D,1.34386
7O5G,7.38331
7O5S,1.52971
7O6J,2.7996
7O70,0.66928
7O7K,0.907314
7O9Z,9.78545
7OA9,9.1066
7OAI,1.79688
7OC1,1.67163
7OC7,1.208
7OCV,0.768526
7ODN,0.655687
7OE8,0.954727
7OE9,0.884611
7OED,1.34375
7OEH,2.42014
7OEJ,2.27394
7OEK,2.36754
7OFB,2.05506
7OFC,3.6016
7OFE,3.31982
7OFF,0.849651
7OFI,1.29661
7OFK,1.19374
7OGI,9.12419
7OGN,0.588324
7OJ6,1.71543
7OJQ,2.27031
7OJY,2.73674
7OK1,2.69786
7OKC,1.47371
7OKD,3.35469
7OKF,4.89526
7OKG,6.90517
7OKH,0.67077
7OKI,1.45564
7OKL,1.09092
7OKM,1.78397
7OKP,0.498849
7OLK,1.01876
7OLL,0.968091
7OLM,0.807444
7OLO,1.47747
7OLP,0.762952
7OLQ,0.998109
7OLR,0.74312
7OLT,0.976788
7OLV,1.10198
7OLZ,3.71255
7OMD,8.17251
7OMO,1.03258
7OND,2.5277
7ONF,0.705193
7ONR,1.41032
7ONS,1.32147
7ONT,0.733201
7OO7,0.722694
7OOY,1.73737
7OOZ,1.33062
7OPG,2.41929
7OPM,2.6601
7OQL,3.23471
7OQS,8.75275
7ORS,5.11425
7OSP,0.770508
7OSS,0.792546
7OTF,0.758165
7OTH,3.64411
7OUB,3.43079
7OVD,3.95424
7OVI,1.26046
7OVJ,1.17853
7OVO,1.38973
7OY0,1.06316
7OYO,1.01388
7OZX,3.52512
7P0P,1.32305
7P18,2.09568
7P1L,1.21943
7P2M,1.46846
7P2N,1.77187
7P2U,4.1743
7P2V,1.69777
7P3C,0.813648
7P3J,0.900429
7P3S,1.11372
7P4E,1.88531
7P4H,7.96392
7P4K,1.44893
7P51,1.27431
7P58,2.73284
7P5E,1.05082
7P5F,1.13077
7P5I,1.92883
7P5N,2.28289
7P5P,2.8122
7P5T,1.16985
7P9T,0.726434
7PAD,1.38864
7PAW,0.799512
7PB0,1.36739
7PDQ,0.69216
7PFM,1.54103
7PHE,2.78664
7PHJ,1.4209
7PHN,2.19476
7PHZ,1.7745
7PID,0.555656
7PIE,0.716782
7PIF,0.852642
7PIH,1.56505
7PJ2,1.98408
7PJ9,0.786605
7PK3,0.615574
7PKV,0.581731
7PMT,9.69198
7PNS,1.0117
7POL,1.06787
7POM,1.00816
7POQ,0.821565
7POR,5.15661
7POS,4.85921
7POU,0.743007
7PPE,0.974836
7PPH,1.9499
7PQS,2.21994
7PRM,1.00392
7PSO,2.95352
7PT1,0.655031
7PT2,0.714288
7PT3,0.760201
7PUU,1.15532
7PUW,1.12804
7PVU,8.17981
7PWM,0.814299
7PWP,0.710853
7PWQ,0.963885
7PWR,0.834752
7PWT,1.80804
7PWW,0.520601
7PWY,7.0685
7PX6,0.489604
7PX7,1.05699
7PZU,2.57153
7PZV,4.65838
7PZW,4.00116
7Q0C,0.803503
7Q0D,1.33141
7Q0E,0.914325
7Q1C,0.896072
7Q3F,8.40138
7Q4A,0.724734
7Q4R,1.80672
7Q5H,5.01199
7Q5O,1.87637
7Q6T,2.36836
7Q6U,1.63309
7Q6V,1.65156
7Q6W,2.00669
7Q7I,0.993502
7Q7K,0.609595
7Q7L,1.02615
7Q7T,0.676112
7Q7V,1.44612
7Q7W,0.761872
7Q8R,5.78186
7Q8Y,0.96541
7Q8Z,1.0319
7Q96,4.4596
7Q9N,8.04967
7QB7,1.76272
7QBN,1.48881
7QBO,1.34728
7QC2,1.88113
7QC5,0.522737
7QCG,1.65471
7QCH,2.48607
7QFM,1.09162
7QG7,1.8004
7QGD,0.396134
7QGE,0.515342
7QGP,0.600608
7QGW,1.15051
7QGX,1.13655
7QGY,1.73399
7QGZ,1.00346
7QHG,1.65026
7QHL,0.800379
7QHZ,1.97154
7QI0,1.97769
7QJG,0.788023
7QJL,1.01687
7QJU,0.822583
7QK0,2.15194
7QK4,0.512727
7QKC,7.10498
7QKE,1.0415
7QKN,1.88834
7QNN,0.95433
7QPH,0.415368
7QPP,0.541973
7QQ4,2.00728
7QQ7,1.28308
7QRA,2.1002
7QRD,0.575504
7QUE,0.685518
7QVJ,1.19689
7QVL,0.867756
7QVZ,0.582706
7QWF,0.930755
7QWK,1.51486
7QWN,1.85151
7QWU,1.09667
7QX2,1.92053
7QXY,2.03593
7QXZ,1.73025
7QY0,12.1144
7QY1,12.5924
7QY2,1.92733
7QYE,1.284
7QYO,1.13355
7QZ0,2.83739
7QZB,0.898062
7QZC,3.82186
7QZI,3.51492
7R01,7.75552
7R02,1.71979
7R0N,3.0925
7R1I,1.46327
7R26,4.33209
7R2L,8.31813
7R3G,1.47437
7R4N,0.948473
7R4O,2.15134
7R5B,0.48726
7R60,1.56956
7R61,1.20075
7R6Z,0.826483
7R7K,1.70673
7R9N,0.803465
7R9P,0.628554
7R9T,1.19785
7RA5,1.03319
7RAE,0.374024
7RAF,0.239213
7RCT,1.03522
7REB,0.940136
7REC,1.12784
7REE,1.50653
7REG,0.789398
7REK,0.948568
7RFR,2.28403
7RGJ,1.4608
7RGK,3.8274
7RGO,0.760117
7RIE,0.93298
7RIU,4.14818
7RIV,4.4017
7RJ6,1.27866
7RJ7,2.66063
7RKE,5.87945
7RKL,0.970535
7RKP,2.167
7RL2,1.67174
7RLS,2.23098
7RM2,2.31477
7RMB,2.47838
7RMD,0.687751
7RME,1.75006
7RMT,2.02126
7RMZ,1.7924
7RN0,5.00184
7RN1,5.2643
7RN2,1.41971
7RN4,2.20893
7RN5,1.64846
7RN6,0.738241
7RNH,2.21779
7RNI,3.40675
7RNK,2.51144
7RNM,6.28159
7RNY,0.837133
7ROX,5.30282
7RP3,0.573191
7RP4,0.64733
7RPZ,1.25539
7RRC,2.03842
7RRX,1.77569
7RS1,3.60429
7RS2,2.29324
7RS7,2.50632
7RSJ,0.59717
7RSP,5.5807
7RSV,5.92151
7RT1,1.1641
7RT2,1.19054
7RT3,1.20734
7RT5,1.24439
7RUX,1.27014
7RV0,4.50494
7RV1,9.14409
7RV3,4.42874
7RV4,8.65638
7RV6,1.65853
7RVM,1.13086
7RVO,1.1183
7RVS,2.84992
7RVW,1.00816
7RVX,2.2552
7RVY,2.38032
7RVZ,2.20679
7RW0,1.7815
7RW7,1.53842
7RWE,1.00805
7RWF,0.676697
7RWG,1.43154
7RWH,4.73603
7RWN,1.05144
7RWO,0.509801
7RWP,1.27013
7RWQ,1.89217
7RXO,1.04437
7RXT,1.13883
7RY4,0.960987
7RYX,0.863965
7RZC,2.1969
7S1D,1.47554
7S1F,1.0121
7S1L,3.19058
7S1N,1.23979
7S25,0.923881
7S2K,0.892376
7S3K,0.723223
7S3S,0.560053
7S3T,1.61543
7S4B,0.705177
7S4C,2.2779
7S4T,0.619753
7S6U,0.851183
7S6V,0.828263
7S6W,0.969614
7S6Y,1.08465
7S6Z,1.04173
7S71,1.72584
7S73,0.956172
7S7A,0.702212
7S84,0.875712
7S85,0.784902
7S9F,0.650353
7S9G,0.585351
7S9H,1.21336
7S9I,1.23726
7S9X,0.915362
7SA0,0.837622
7SD9,1.93735
7SDA,2.05586
7SEC,1.29174
7SER,0.626708
7SES,0.485999
7SEX,1.18925
7SF1,0.935382
7SF3,1.19541
7SFB,3.08886
7SFH,1.10775
7SFO,4.60616
7SGG,1.77152
7SGH,1.61214
7SGI,1.83802
7SGK,1.54758
7SH8,4.03144
7SH9,3.95131
7SI4,0.795683
7SI5,1.37902
7SIU,1.03649
7SKI,0.809214
7SLR,0.798053
7SLS,1.75707
7SLZ,1.24661
7SNN,0.954887
7SNU,2.17607
7SNW,1.10305
7SNZ,0.629917
7SQE,3.14655
7SQM,1.55112
7SS6,1.24925
7SS7,1.37841
7SS8,3.80753
7SSE,1.7274
7SSK,1.62661
7SSM,7.62548
7SUC,1.64924
7SUT,8.72398
7SUY,1.34316
7SVG,1.99537
7SXF,1.09297
7SXG,0.844454
7SXH,0.809022
7SXJ,0.996308
7SZA,5.98884
7SZB,6.21044
7SZC,5.94326
7T09,5.21887
7T0B,5.3736
7T1D,1.19483
7T1T,2.10167
7T2I,1.85238
7T36,1.05795
7T3F,0.98988
7T47,1.24316
7T4U,2.07431
7T5R,1.17032
7T5X,7.1982
7T5Z,1.9398
7T60,3.97468
7T61,3.93631
7T7E,1.21495
7T7F,1.67987
7T7L,1.08932
7T7U,8.70136
7T9R,6.17927
7T9U,1.95152
7TA0,1.23718
7TAB,0.687985
7TAZ,0.79408
7TBU,0.82928
7TCS,0.77194
7TDL,0.748616
7TDP,0.715898
7TE7,1.70691
7TEH,1.28883
7TEU,0.810262
7TFR,2.92224
7TGR,2.35552
7TIA,3.53782
7TIU,3.78538
7TIW,2.7441
7TIY,1.71128
7TIZ,4.9804
7TLE,1.17687
7TM5,0.780192
7TM6,0.779782
7TOB,2.57457
7TQ6,2.83858
7TQ7,2.10146
7TQ8,2.04694
7TTF,0.607847
7TTV,7.74027
7TUO,1.02945
7TUX,0.707831
7TYP,4.04537
7TYQ,0.890302
7TYU,1.78393
7TZA,2.38745
7U0M,8.14101
7U0O,1.95277
7U0R,1.01847
7U31,6.14676
7U3J,1.37924
7U3L,2.17255
7U4C,1.49542
7U4N,6.12926
7U4O,1.68834
7U5Z,0.88886
7U6A,1.00121
7U70,0.764008
7U8S,1.4126
7U8X,0.800691
7U8Y,1.78593
7U92,1.1591
7U99,0.585312
7U9B,2.80897
7U9U,2.2192
7U9Y,1.87819
7UAD,0.721848
7UAM,0.98627
7UAN,0.963277
7UAO,0.863545
7UAS,1.2595
7UBO,1.32283
7UBT,1.78748
7UFV,1.01121
7UFZ,1.11201
7UHH,3.08721
7UHI,0.894598
7UHJ,2.83687
7UHK,3.40609
7UHL,1.60727
7UJ4,1.01699
7UJ7,0.673305
7UJ8,1.10636
7UJF,1.17015
7UJG,3.00404
7UJH,0.721413
7UJO,0.844534
7UK2,2.17359
7UKK,3.13819
7UKR,3.32602
7UKS,1.28473
7UM8,0.875919
7UM9,1.95041
7UMO,1.51584
7UMP,2.03147
7UMV,1.34421
7UMW,1.0472
7UMX,0.716028
7UOX,1.25395
7UP1,1.36534
7UP2,1.00705
7UP3,0.938693
7UQN,2.21333
7UQO,2.62382
7UR3,1.92141
7USG,1.56551
7USH,0.782171
7USI,2.13707
7UT5,2.55952
7UTY,0.857621
7UU0,0.628295
7UUA,1.67878
7UUC,1.02709
7UUD,1.25817
7UUE,1.94976
7UUU,1.1032
7UVM,7.40338
7UW6,1.19227
7UYA,1.35639
7UYB,1.74686
7UYC,1.00341
7UYS,1.01993
7UYU,1.28844
7UYV,0.836587
7UZ1,0.855704
7UZN,7.16766
7V0Z,0.662015
7V10,1.02453
7V11,1.31211
7V12,1.14851
7V13,1.5107
7V14,0.904984
7V15,0.668112
7V16,1.21547
7V17,0.95883
7V29,2.48415
7V2T,1.76576
7V2X,1.21313
7V34,1.70421
7V36,1.88905
7V3D,0.952611
7V3E,1.16254
7V3N,2.20829
7V3R,0.901042
7V5U,0.725389
7V6X,2.02621
7V8Y,2.0591
7V8Z,2.14787
7V9D,1.60764
7VA1,1.06059
7VBV,1.37771
7VC1,1.48141
7VC2,10.5663
7VC3,2.65966
7VC5,2.52029
7VD4,1.91699
7VDP,1.65651
7VDU,1.38869
7VEJ,2.81642
7VEZ,0.703014
7VF0,0.893044
7VHY,0.993566
7VHZ,1.73759
7VI0,1.68736
7VJT,0.889664
7VL0,2.66909
7VL3,2.81407
7VL6,0.886177
7VL7,0.809874
7VM7,1.04681
7VMG,1.353
7VMK,2.31196
7VNH,0.715113
7VO5,9.18125
7VR9,8.46521
7VRZ,3.33962
7VS0,0.820585
7VWF,1.30672
7VWG,0.812451
7VWH,1.44038
7VWT,4.26476
7VZN,1.14479
7W0G,1.21916
7W0Z,3.03626
7W1B,7.73911
7W1I,1.58678
7W2P,1.30465
7W4X,3.51326
7W4Y,3.04652
7W6E,1.856
7W6F,1.91606
7W7X,0.968122
7W7Y,0.93725
7W9J,2.22162
7W9Q,1.05251
7W9R,2.89473
7WBS,7.79943
7WC8,1.53479
7WC9,1.6705
7WCL,0.93457
7WCV,1.23537
7WGN,0.899338
7WGQ,1.07065
7WGS,2.38271
7WH5,2.49302
7WID,2.13378
7WL4,2.86561
7WLX,1.62194
7WM7,8.31305
7WMF,8.0456
7WMH,0.946213
7WMI,7.72531
7WN5,1.35081
7WNV,1.9182
7WO1,1.17026
7WO2,1.1988
7WO3,3.58139
7WOF,1.38103
7WOM,1.06916
7WQQ,1.24783
7WQS,7.13384
7WT0,1.09936
7WT2,1.30722
7WUY,2.09956
7WVK,2.05361
7WWZ,1.29488
7WX2,1.79618
7WY3,1.6348
7WYL,2.28915
7WYM,1.35487
7WYP,2.64537
7X09,1.06295
7X0E,3.27933
7X1O,1.18289
7X3L,0.843351
7X3O,0.806969
7X4H,2.32593
7X5N,0.928722
7X5R,1.40282
7X5S,1.67673
7X5U,1.93202
7X5W,2.44495
7X5Y,0.8957
7X5Z,1.04021
7X62,1.54993
7X67,1.4541
7X69,1.41954
7X6M,1.22382
7X6N,1.38505
7X6T,0.784608
7X73,5.52678
7X7X,0.891615
7X81,1.0008
7X86,1.86
7XAR,7.79667
7XB8,4.2687
7XBB,3.23221
7XBN,0.982157
7XBO,1.02451
7XBZ,1.89486
7XC4,5.9336
7XEF,1.78623
7XEJ,0.849306
7XEK,0.685953
7XEN,1.00479
7XEP,0.838125
7XET,0.888724
7XGI,0.692583
7XH4,3.63785
7XHE,1.71941
7XHK,2.13498
7XHQ,2.47818
7XHY,0.571136
7XI0,1.68774
7XI7,1.17371
7XIT,5.09025
7XIU,5.97552
7XLP,1.46748
7XM7,0.727624
7XMK,0.680819
7XNC,0.85545
7XPY,4.58428
7XQY,0.742088
7XQZ,2.63698
7XUA,8.65232
7XUB,8.43002
7XUC,4.13707
7XUD,9.199
7XUQ,7.20434
7XVH,1.69798
7XVU,0.613548
7XVW,0.610297
7XWP,1.73476
7XWQ,1.59965
7XXN,0.841916
7XZK,1.27875
7XZU,0.400338
7XZW,0.502742
7Y03,1.81404
7Y05,0.474946
7Y06,0.927909
7Y07,1.14246
7Y0L,6.9524
7Y1H,0.677502
7Y3H,1.12305
7Y4T,0.624134
7Y4U,2.06638
7YAA,2.28897
7YAW,1.27359
7YB2,0.463247
7YC9,0.980349
7YCC,1.54433
7YH9,1.37002
7YHC,0.641557
7YL2,1.19592
7YMG,1.41394
7YPZ,9.80405
7YQ9,0.737835
7YQF,0.929181
7YSX,2.03624
7YTQ,2.41803
7YV4,6.29377
7YXD,0.371719
7YXF,1.92904
7YXN,0.314437
7YXR,0.339301
7YY2,5.62738
7Z01,0.861752
7Z25,5.56407
7Z2I,2.1388
7Z2N,0.672909
7Z2P,0.988339
7Z2Q,0.421057
7Z4V,1.31321
7Z57,1.36243
7Z58,7.35736
7Z5U,1.7962
7Z68,8.75595
7Z6C,0.877888
7Z6U,1.1108
7Z78,1.07299
7Z7D,1.37271
7Z9D,2.39268
7Z9E,1.05822
7ZEH,0.354799
7ZEJ,5.91789
7ZG9,1.83188
7ZGA,9.14571
7ZGC,1.70541
7ZGD,1.58391
7ZGL,1.12652
7ZHN,0.78147
7ZHP,1.09561
7ZHQ,1.13822
7ZI1,1.32522
7ZI5,1.88102
7ZI6,1.79004
7ZI7,2.32206
7ZIC,1.40256
7ZIH,4.64384
7ZII,4.73619
7ZIJ,5.19619
7ZJP,0.822425
7ZK2,2.70531
7ZKS,2.13701
7ZKX,1.10493
7ZL2,6.31611
7ZLM,2.13568
7ZLP,1.32794
7ZLS,2.7626
7ZLT,1.42319
7ZLZ,1.1815
7ZM4,1.73313
7ZO3,1.1251
7ZO4,2.48742
7ZO5,1.156
7ZPG,1.87862
7ZQX,0.88899
7ZSL,0.762744
7ZSN,0.865585
7ZSO,1.31486
7ZSP,1.6019
7ZSQ,0.705441
7ZTV,0.249262
7ZTZ,0.202748
7ZU1,0.20746
7ZU2,0.211069
7ZWE,1.14147
7ZWG,1.94807
7ZWP,5.28374
7ZWQ,0.844547
7ZWS,6.14645
7ZWT,5.52528
7ZWU,7.00074
7ZWX,3.82053
7ZWZ,2.66992
7ZX2,6.40981
7ZXD,1.37992
7ZXZ,2.13109
7ZYK,0.964907
7ZYM,1.08127
7ZYO,1.53901
7ZYR,1.16253
7ZYW,8.32368
7ZZS,0.806741
7ZZU,2.48566
8A0B,1.53832
8A0I,2.6895
8A0L,1.3075
8A0O,5.82419
8A0P,6.25977
8A0Q,2.618
8A0R,0.911504
8A0S,1.64524
8A1K,2.40868
8A1M,3.09362
8A1O,3.92075
8A1P,0.772324
8A27,1.75396
8A2A,0.987143
8A2B,1.00768
8A31,0.620182
8A32,0.801468
8A46,0.875936
8A4U,10.0672
8A4W,2.66903
8A5J,0.719445
8A5X,1.57524
8A62,1.5901
8A65,1.2678
8A66,0.817837
8A68,5.63144
8A6H,1.51275
8A70,1.68065
8A73,1.74575
8A74,1.65535
8A78,1.5185
8A7A,1.62556
8A7B,1.58538
8A7C,0.943014
8A7I,2.44727
8A7J,0.933558
8A7K,0.944769
8A7L,2.32227
8A7N,2.08975
8A7R,1.44552
8A7U,1.65412
8A8Z,1.11758
8A9T,5.8158
8A9Z,1.09071
8AAU,1.40311
8ABU,0.98371
8ABV,1.92295
8ABX,5.70764
8ACD,1.79684
8ACL,1.50077
8ADF,5.83887
8ADM,4.09137
8AE7,0.899352
8AEC,0.922752
8AFD,1.59379
8AFN,6.58677
8AFR,1.80551
8AG2,2.12572
8AGQ,0.51127
8AHC,2.38697
8AHU,1.07523
8AI0,6.81336
8AIE,1.3694
8AK6,1.30829
8AKM,2.06134
8ALT,6.66757
8ALV,6.58623
8ALW,6.62722
8AM7,6.92619
8ANF,1.35142
8AOJ,1.28003
8AOP,1.77371
8AOQ,0.932523
8AOY,7.95842
8APS,7.55344
8APT,1.93506
8APU,1.12908
8APW,1.86187
8AQ1,8.34143
8AQ5,2.51256
8AQ6,7.84427
8AQ7,0.973283
8AQF,1.64552
8AQJ,0.842118
8AQL,0.681507
8AQN,1.88055
8AQZ,7.23167
8AR4,3.06824
8AR5,6.5345
8ARG,5.71391
8ARJ,1.59307
8ARO,6.45317
8ARQ,6.39124
8ARR,6.40543
8ARW,6.6206
8ARX,3.85289
8ARY,6.7045
8ARZ,5.70966
8AT9,1.41665
8ATP,6.81875
8ATR,4.06621
8ATS,1.84341
8ATY,1.01697
8AU2,7.55177
8AU3,0.650523
8AUS,7.8768
8AUU,0.44575
8AUY,8.18708
8AV0,3.0073
8AV3,7.0125
8AV4,6.3845
8AV7,2.17104
8AV8,3.51056
8AV9,0.618046
8AVA,0.953619
8AW1,0.7815
8AWG,4.96778
8AXE,7.08085
8AXU,5.22781
8AXW,1.28787
8AY3,0.905534
8AY6,3.62467
8AY8,2.63152
8AYA,1.04791
8AYJ,0.934395
8AZE,1.67765
8AZV,1.17705
8AZX,1.30135
8AZY,1.24523
8AZZ,1.17424
8B00,1.17593
8B1V,2.94486
8B1Z,0.914024
8B25,2.36481
8B2T,1.25739
8B35,0.594981
8B3C,1.46689
8B3R,0.540722
8B49,1.34894
8B4T,1.33453
8B56,1.30553
8B5Y,0.987451
8B6M,1.03423
8B75,3.99581
8B78,2.71175
8B7A,0.994361
8B8H,0.683195
8B8U,0.892143
8B8Y,7.96274
8B91,11.3302
8B92,1.57189
8B94,0.807091
8B96,1.40115
8B98,1.365
8B99,1.20452
8B9E,1.60413
8B9H,1.64614
8B9O,1.03874
8BA2,1.11596
8BA3,0.790519
8BA6,1.1457
8BAB,0.941305
8BAJ,1.21327
8BAX,6.52537
8BBS,1.10668
8BC7,0.428642
8BCY,2.83414
8BDJ,1.89489
8BDL,1.91837
8BDM,1.50883
8BF6,6.74948
8BGA,2.07667
8BGX,0.671189
8BGY,0.574714
8BGZ,0.374168
8BH0,0.624902
8BI2,1.02631
8BI6,9.65717
8BIB,0.460627
8BID,0.499232
8BIK,1.83337
8BIN,0.416232
8BIO,1.07969
8BJD,1.05572
8BJE,2.30961
8BJH,0.601662
8BJJ,0.533565
8BJK,1.96589
8BJN,4.96019
8BK0,0.861363
8BK4,1.72312
8BK5,1.61768
8BL0,1.52192
8BL1,1.57726
8BM2,1.06564
8BM8,3.6525
8BN6,1.03018
8BOF,1.04455
8BOG,3.48062
8BOI,0.748781
8BOK,0.640186
8BOM,0.437499
8BOR,1.06857
8BPV,1.34034
8BPW,0.52324
8BQ4,1.13121
8BR0,0.484046
8BR1,0.544377
8BSD,0.365849
8BSP,2.41226
8BSQ,0.706086
8BSR,1.26336
8BT2,0.734148
8BTQ,0.946579
8BUV,4.52754
8BV2,0.92991
8BVA,0.308898
8BW3,8.00056
8BWE,1.16716
8BWH,1.16509
8BWJ,2.66078
8BWX,3.02253
8BX0,7.83498
8BX3,3.3301
8BX4,3.19428
8BXC,1.25796
8BXH,1.12893
8BXI,7.72963
8BXM,7.86502
8BXN,7.79448
8BXO,8.02764
8BXQ,7.83066
8BXS,2.9063
8BYD,3.01256
8BYE,3.8393
8BYF,3.11884
8BYO,3.10149
8BYY,3.56183
8BZ9,0.667488
8BZC,1.93471
8BZE,1.17923
8BZF,0.78057
8BZI,0.72405
8BZP,1.71613
8BZT,1.25291
8BZW,2.18698
8BZX,0.72533
8C0A,0.95646
8C0C,1.30725
8C0F,0.750283
8C0K,2.94228
8C0L,0.97995
8C0Q,0.814071
8C0R,2.39462
8C11,1.96558
8C14,0.779217
8C15,0.773114
8C19,1.22532
8C1D,0.716125
8C1F,1.06959
8C1G,1.04021
8C1H,1.56547
8C1J,0.285096
8C1K,1.03246
8C1Y,1.16971
8C25,0.918677
8C2G,4.85229
8C2Z,0.621421
8C3G,0.579957
8C3I,8.74752
8C3U,1.99601
8C4F,1.37082
8C5Q,2.06341
8C6L,1.97334
8C6M,4.39563
8C6N,1.70547
8C6O,0.90727
8C6S,1.54393
8C70,1.80394
8C74,1.82583
8C77,1.27042
8C78,1.58742
8C7W,1.15613
8C7Z,2.10999
8C85,3.09909
8C86,2.06299
8CAA,1.20798
8CBH,0.76619
8CBR,0.909694
8CBT,1.43829
8CBV,3.99182
8CCG,1.06424
8CDQ,0.923853
8CDW,0.811857
8CE3,1.19935
8CF9,2.06321
8CFO,2.62583
8CG9,2.49898
8CH8,7.39763
8CHI,1.90051
8CHJ,1.43472
8CHK,1.63131
8CHL,1.23718
8CHM,1.09189
8CHN,1.32624
8CHP,1.40451
8CHQ,1.4973
8CHR,1.40552
8CIC,1.06659
8CJ7,0.97153
8CJ9,1.17579
8CJF,0.793819
8CJG,2.20399
8CJJ,4.66566
8CJL,4.26743
8CJM,4.34208
8CJN,7.7166
8CJO,2.82296
8CK3,1.31031
8CK4,1.32121
8CK6,1.21723
8CKC,0.843722
8CKF,5.91772
8CKQ,7.51058
8CKT,3.23786
8CLQ,1.77683
8CLW,1.63925
8CM2,3.65219
8CM8,4.45896
8CNF,0.444848
8CNH,3.61009
8CNM,1.49917
8CO5,1.46983
8CO7,3.71964
8COJ,0.533059
8COQ,2.42772
8COT,1.58809
8COW,0.747469
8CQ8,2.76928
8CQ9,0.462728
8CQL,0.584574
8CRC,3.00847
8CRH,0.900055
8CT7,0.812734
8CU7,1.45361
8CV8,1.64194
8CV9,1.55394
8CVA,1.49413
8CVB,1.62681
8CVC,1.72593
8CVD,1.36268
8CVE,1.39642
8CVF,1.51679
8CVG,1.38629
8CVH,1.77936
8CVQ,5.52877
8CYO,2.04237
8CYU,1.67962
8CZ7,0.992005
8CZL,1.92429
8CZW,2.00342
8CZX,2.82651
8D1P,0.505571
8D1S,0.563776
8D23,2.82469
8D25,2.63373
8D6C,1.19026
8D6D,0.940568
8D6E,0.687516
8D6F,0.465314
8D88,1.14461
8DC7,3.94334
8DC8,2.67514
8DGY,2.07419
8DHF,1.98317
8DHG,2.23921
8DI4,0.860659
8DIQ,0.666092
8DJC,0.912008
8DJD,0.733313
8DJE,0.801782
8DL4,1.89011
8DL9,3.10805
8DLB,1.63928
8DMD,2.82659
8DML,0.507621
8DND,1.10996
8DNI,0.910641
8DNJ,0.844883
8DOC,1.01921
8DOX,1.58013
8DQG,1.0641
8DQH,0.812037
8DQI,1.4287
8DQJ,1.28979
8DQS,1.93149
8DSC,3.62369
8DSD,3.63256
8DSK,0.61409
8DTJ,3.80771
8DU3,4.43856
8DU6,1.80447
8DU8,2.10639
8DU9,1.63887
8DUB,1.7079
8DUC,1.85778
8DUD,1.94162
8DUH,1.73447
8DUI,1.43143
8DUK,1.51984
8DW5,2.03913
8DYH,8.15633
8DYR,0.850694
8DZB,1.85527
8DZC,2.31085
8E17,0.92474
8E19,2.57989
8E1A,0.874654
8E1O,1.13454
8E2M,1.31379
8E3W,0.967105
8E4A,1.03808
8E4R,2.14498
8E4S,2.76249
8E5Q,7.36193
8E5R,2.12872
8E61,4.00711
8E63,2.7257
8E6E,2.90923
8E71,0.949109
8E7N,2.16197
8E7P,3.57117
8E80,0.844092
8E81,1.679
8E90,1.46562
8E9F,6.94642
8EA5,1.20725
8EA6,3.22083
8EA8,1.08127
8EAA,2.38033
8EAD,0.923134
8EF8,0.95054
8EFJ,1.4589
8EG5,2.09615
8EG6,1.61056
8EGN,1.34186
8EGQ,8.37251
8EGZ,0.661928
8EH0,0.653845
8EH1,0.717356
8EJB,1.39421
8EM3,1.9323
8EMU,0.910401
8ENI,1.47862
8EOM,5.54806
8EQZ,2.1642
8ER0,0.929979
8ERB,0.671081
8ERD,0.900742
8ERJ,0.870266
8ERN,0.87181
8ERS,2.2685
8ESG,8.88115
8ESI,9.33618
8ETF,0.704371
8EV1,1.05274
8EWZ,1.33705
8EX2,6.12467
8EXL,1.31506
8EXO,0.815753
8EYD,1.18896
8EYE,1.63592
8EYF,1.62866
8EZ1,0.756551
8EZ2,1.38029
8EZI,6.32074
8EZV,1.30242
8F0F,0.951368
8F0W,7.79521
8F1G,4.33411
8F1Z,1.98182
8F44,1.97761
8F46,5.37955
8F4S,1.64261
8F4T,1.48257
8F4U,1.23788
8F4W,2.52458
8F4Y,1.68094
8F5Y,2.8337
8F6G,0.889522
8F80,0.854419
8F81,0.768227
8F82,0.82858
8F83,1.24007
8F85,0.942971
8F8E,6.83415
8F97,0.72405
8F9Z,2.1952
8FAV,1.02161
8FB1,8.46034
8FBM,1.45888
8FBQ,0.80491
8FD9,1.0261
8FDA,1.04263
8FDX,0.563814
8FE8,2.04689
8FEU,6.61419
8FEV,1.54451
8FEW,2.65046
8FF8,0.805437
8FGZ,0.21397
8FH0,0.225838
8FH1,0.214043
8FH2,0.223613
8FH4,0.875308
8FH5,0.6133
8FH6,0.563729
8FH9,0.661514
8FHE,6.79042
8FHG,2.10077
8FIC,1.06872
8FID,1.33325
8FIO,2.83349
8FJH,6.99694
8FJI,6.33706
8FJT,0.849548
8FJZ,0.533341
8FKD,1.37022
8FKF,1.93796
8FKG,7.70054
8FKO,0.659399
8FLH,0.897162
8FLL,2.00533
8FLN,2.07244
8FLV,0.861818
8FLY,2.43931
8FM2,1.36697
8FM3,1.03622
8FM4,1.13709
8FM7,1.39482
8FM8,2.28118
8FOW,1.32434
8FP0,1.39224
8FP1,0.815141
8FQX,1.54217
8FQY,0.99135
8FQZ,1.24611
8FR2,1.25191
8FR3,1.8511
8FR4,0.930125
8FRJ,2.3257
8FSD,0.628554
8FTA,0.344484
8FTC,1.03832
8FTQ,8.59624
8FUI,1.55372
8FUX,10.3455
8FVS,2.36495
8FW8,6.97121
8FWZ,0.695872
8FX0,0.650726
8FX1,0.736485
8FY6,1.38279
8FY7,3.79699
8G20,3.35893
8G2E,4.43459
8G3C,1.88444
8G3E,1.84205
8G43,4.04384
8G44,3.71606
8G45,3.87788
8G4A,2.18266
8G5U,7.56101
8G62,1.70324
8G63,1.31082
8G6A,3.80794
8G8X,0.650571
8G9Q,2.31963
8GC7,0.991026
8GC8,0.921265
8GCY,1.96882
8GCZ,1.22376
8GD2,1.43029
8GD3,1.22546
8GD4,1.30472
8GDM,2.9732
8GEM,1.50721
8GER,1.49865
8GEU,1.52156
8GEV,2.74416
8GEW,1.51808
8GEY,0.993325
8GF0,0.974887
8GFB,1.05851
8GFD,1.93723
8GFF,0.889354
8GFN,1.14064
8GFO,1.51071
8GFR,1.25397
8GFU,1.01597
8GK5,1.15352
8GM4,0.481289
8GM5,0.496673
8GMC,1.90477
8GN1,2.27281
8GNE,1.44236
8GPD,1.35544
8GPE,0.821557
8GQ0,0.987541
8GTI,2.70546
8GTV,2.69904
8GTW,5.37848
8GUE,1.24841
8GUH,1.14036
8GWD,1.63979
8GZC,1.03847
8H20,1.04958
8H29,1.22822
8H4Q,0.695985
8H59,2.71379
8H6A,2.64305
8H7F,0.93399
8H7H,1.59212
8H98,1.64646
8H9B,1.61147
8HAQ,1.13318
8HCD,0.703807
8HCK,5.19127
8HD3,1.20023
8HDG,0.915926
8HEJ,1.71041
8HF8,1.30285
8HFN,1.22791
8HGK,1.21767
8HHU,4.4607
8HI9,1.21105
8HKO,0.856131
8HLJ,0.799286
8HNZ,1.27001
8HO0,0.878949
8HO4,2.0448
8HO5,7.60779
8HOW,1.81204
8HQ3,12.9277
8HQ4,8.67658
8HQ5,1.27117
8HQ6,13.2245
8HTB,0.410637
8HU2,6.85672
8HUF,1.49598
8HUG,3.29661
8HUL,2.22221
8HUM,6.21461
8HUN,2.38721
8HUP,2.37564
8HUQ,1.25638
8HX2,1.74462
8HX4,8.20369
8HXF,4.75543
8HXG,1.87433
8HXH,1.31794
8HXN,1.41007
8HYC,0.647648
8HYD,0.867456
8HYM,1.15736
8HYO,2.03463
8HYP,1.39258
8HYS,2.20446
8HZ6,1.25954
8HZ7,0.771559
8HZ9,0.856182
8HZA,1.20443
8I0G,2.5309
8I0Y,1.77442
8I15,4.04462
8I2M,2.46044
8I2N,1.30593
8I2P,1.75925
8I2S,2.25702
8I36,2.23926
8I7S,3.13765
8I7X,1.28449
8I7Z,3.08323
8I8F,0.763718
8IBQ,3.00858
8IDH,1.98595
8IE7,1.91661
8IE8,7.44536
8IF7,0.755598
8IFQ,1.12391
8IFR,1.27175
8IFT,1.17758
8IGN,2.96709
8IGX,0.909243
8IHZ,3.16959
8II0,1.51235
8II1,3.35015
8II3,6.69689
8II4,6.78437
8IMF,2.79439
8IMG,2.01542
8IND,7.44769
8INJ,7.14076
8INO,1.20555
8IOK,1.93333
8IT9,2.29774
8ITD,3.9392
8ITV,11.5322
8IV3,2.28862
8IVG,0.853332
8IVM,2.28437
8IVN,7.49003
8IVR,1.31608
8IVT,7.45191
8IVU,1.1373
8IXS,1.34311
8IXV,1.65929
8IYT,0.743357
8IZC,1.3072
8IZE,1.31254
8IZG,1.43544
8J3C,1.31667
8J5E,0.594326
8J5W,1.51927
8J5X,1.61923
8J8W,0.922785
8J8X,2.95952
8J9D,1.73157
8JBY,0.758308
8JCO,7.40316
8JE7,1.27224
8JGD,3.08319
8JHL,3.35372
8JI2,0.935102
8JI4,1.00039
8JIG,2.73626
8JMP,3.22826
8JMR,1.15747
8JN8,3.03625
8JNC,3.83896
8JNP,2.1899
8JNQ,3.42626
8JOO,3.62921
8JRD,2.36036
8JRL,3.97861
8JSK,1.53227
8JU4,0.439893
8JUB,1.82595
8JWY,1.68642
8JYE,1.51582
8JYG,0.928713
8K14,1.12013
8K1X,1.38863
8K2E,0.901669
8K4C,0.820424
8K4F,2.03406
8K4K,4.37393
8K5V,1.63185
8K5W,1.18513
8K5X,1.07123
8K5Y,1.43862
8K6D,1.28553
8K71,1.86077
8K72,1.19075
8K9V,0.659993
8K9W,0.877512
8KCZ,0.439893
8KHU,4.97222
8OFE,0.799327
8OG5,1.58627
8OG6,1.37492
8OG8,0.869197
8OGA,1.10015
8OGB,0.990199
8OGC,1.1195
8OHF,1.57078
8OIZ,0.3277
8OKE,0.987429
8OKG,1.55472
8OKJ,1.32232
8OKK,0.91222
8OKL,1.5278
8OKM,1.25016
8OKN,1.0833
8OKO,1.15552
8OKP,2.04485
8OKQ,1.66769
8OKT,0.830249
8OLF,0.866307
8OLI,1.72948
8OLK,1.81413
8OMB,2.41076
8OMD,4.72201
8OME,1.15026
8OMF,1.82072
8OMH,2.37306
8OMJ,1.21483
8OMP,1.3889
8ONV,1.02849
8OO5,1.67138
8OOJ,1.66773
8OPY,1.76102
8OTM,2.05773
8OTN,1.97596
8OTV,1.49983
8OU2,1.27382
8OU3,1.48223
8OU4,1.56339
8OU5,0.809829
8OU6,1.47417
8OU7,0.558949
8OU9,1.48778
8OUT,
8OUU,0.678215
8OUV,0.615249
8OV3,0.624943
8OV4,0.451816
8OWB,1.51531
8OWQ,1.30854
8OZ2,0.443909
8OZA,2.51273
8P05,1.02034
8P07,0.567222
8P0F,1.2806
8P0M,0.975502
8P29,0.717911
8P3C,1.50348
8P3D,1.18665
8P46,2.15382
8P4H,0.820771
8P56,1.6883
8P57,1.6976
8P58,1.68995
8P59,0.937009
8P5A,1.56334
8P5C,4.10614
8P5G,0.965267
8P5H,0.752471
8P5I,0.625076
8P5J,1.89068
8P5K,0.552605
8P5Z,1.8558
8P7O,2.00301
8P7P,2.32544
8P87,5.56847
8P8Y,2.23173
8P8Z,2.08198
8P92,0.884238
8P93,2.39722
8P95,2.52049
8P9I,1.39519
8P9J,1.07597
8P9P,2.10244
8P9Q,1.59067
8P9S,1.71749
8P9T,1.53029
8P9X,0.683497
8PA3,1.59646
8PA4,1.42103
8PA5,2.71504
8PA7,2.34629
8PA8,1.49986
8PAA,2.85483
8PAC,1.98737
8PAD,2.44402
8PAH,1.71713
8PAL,1.61338
8PAM,1.47856
8PAN,1.18048
8PAV,1.39903
8PAW,1.10544
8PB2,1.75745
8PB3,0.935559
8PB4,1.16679
8PB5,1.08556
8PB6,1.11735
8PB7,1.0958
8PBO,1.01686
8PD6,1.90061
8PG2,2.05619
8PG3,1.90758
8PG4,1.12582
8PG5,1.77637
8PG6,1.7632
8PG7,2.275
8PG8,1.86499
8PG9,9.69396
8PGA,1.73293
8PGB,1.80442
8PGF,2.23497
8PGG,1.57027
8PGH,1.59811
8PGI,1.89595
8PGJ,1.86929
8PGK,1.74603
8PGL,1.79175
8PGM,7.85309
8PGN,1.72588
8PGO,1.57855
8PGQ,1.78382
8PGR,1.98755
8PGS,1.93853
8PGT,1.78926
8PGU,1.76925
8PGV,1.85601
8PGW,2.23909
8PGX,1.87188
8PGY,1.91382
8PGZ,1.58167
8PH0,2.42909
8PH1,1.38072
8PH3,1.60342
8PH4,4.71347
8PHI,7.61161
8PIQ,0.879515
8PJ0,0.999736
8PJ7,1.34019
8PJI,1.10794
8PM9,0.906493
8PMA,0.843018
8PMO,1.13195
8PO3,0.935305
8PO4,1.32849
8POM,1.65515
8PON,0.886334
8PP0,2.37936
8PPW,2.08273
8PQA,1.14441
8PQQ,0.587153
8PTC,1.85954
8PTQ,6.00092
8PTR,4.46004
8PUX,3.19874
8PUY,2.33916
8PWE,1.39861
8PX2,0.761753
8PX8,2.41294
8PYV,0.704333
8PZM,0.871123
8Q0T,11.598
8Q0U,1.8275
8Q0V,2.44139
8Q0W,1.96599
8Q0X,10.6931
8Q0Y,9.4927
8Q0Z,9.1802
8Q10,2.3986
8Q12,9.24493
8Q13,1.99903
8Q17,2.43478
8Q18,1.12283
8Q2S,1.00256
8Q2T,0.904354
8Q2U,0.959306
8Q2V,0.952594
8Q2W,0.848943
8Q2X,1.78245
8Q2Y,0.785149
8Q31,0.818482
8Q32,0.920661
8Q33,0.861548
8Q34,1.73428
8Q35,0.797297
8Q38,0.827389
8Q39,1.57548
8Q3G,0.815419
8Q4N,0.919821
8Q4P,2.08343
8Q4Q,1.20079
8Q4R,0.798411
8Q4U,1.10304
8Q4V,1.03819
8Q55,6.81604
8Q5C,1.26246
8Q69,5.34817
8Q6F,1.2167
8Q6Y,1.12791
8Q9S,0.89759
8QAL,0.801581
8QAN,0.881497
8QAP,0.884064
8QAR,2.12006
8QAZ,2.337
8QB0,2.75684
8QB2,2.53617
8QBU,0.424136
8QCC,1.6515
8QCD,2.0877
8QCN,0.654305
8QCO,2.2673
8QDY,3.6213
8QDZ,3.41417
8QE0,6.15696
8QE1,0.913121
8QE2,0.837888
8QE3,0.938318
8QEA,1.82123
8QEL,0.35304
8QEZ,1.07795
8QH8,0.748179
8QH9,1.46291
8QHG,0.728416
8QHJ,0.746315
8QIC,2.60322
8QIX,10.0979
8QJ8,2.10641
8QK2,2.91183
8QK9,2.47569
8QKA,1.60699
8QL2,1.61373
8QL3,1.64953
8QL6,1.61253
8QL8,1.54263
8QLQ,0.542722
8QLR,0.88827
8QLS,1.48896
8QLT,1.19075
8QM7,0.740869
8QM8,1.47284
8QM9,1.00224
8QMZ,1.65803
8QN0,1.78202
8QNH,2.45851
8QOD,2.67024
8QOO,1.90573
8QPN,1.3838
8QQ3,2.21727
8QQ4,1.37393
8QQB,0.810255
8QQY,0.564405
8QR2,1.01142
8QR3,4.1661
8QR4,1.00871
8QR5,3.95118
8QR6,1.60961
8QR7,0.938223
8QR8,4.20206
8QR9,2.10957
8QRA,3.89467
8QRB,1.0996
8QRC,0.900711
8QS2,1.12461
8QS4,4.69515
8QS5,7.81676
8QS6,5.22163
8QS7,4.74033
8QSC,1.01574
8QSF,1.11467
8QT0,1.84032
8QT1,1.55809
8QT2,1.4111
8QT3,1.73016
8QT4,1.47111
8QT8,2.06613
8QTG,1.3234
8QTH,2.84755
8QTJ,2.76495
8QTU,1.08624
8QUY,5.10879
8QV9,0.849478
8QVF,1.42184
8QVG,2.22481
8QVH,1.27994
8QVK,0.959258
8QXQ,1.22444
8QYI,2.08559
8QYR,1.92733
8QZD,1.96972
8R0H,0.954568
8R0I,0.807461
8R0Y,0.710074
8R0Z,2.40325
8R11,1.21533
8R12,1.93621
8R14,0.821715
8R16,1.28277
8R1I,1.2601
8R1M,1.10444
8R1W,1.27632
8R25,1.42694
8R2A,1.8668
8R36,0.816685
8R4U,1.32667
8R4V,4.96033
8R5B,1.65305
8R5C,1.13708
8R5E,5.46146
8R5F,6.41233
8R67,4.34032
8R6J,2.18272
8R6K,1.31982
8R6M,0.973011
8R6O,1.66943
8R7G,2.12086
8R7W,1.38971
8R7X,5.72395
8R8E,0.63473
8RAI,0.842265
8RAK,0.98424
8RAR,0.945792
8RB6,0.926212
8RBP,0.972539
8RCO,0.777568
8RCW,1.08019
8RDN,1.15894
8RDO,2.79064
8RDQ,1.95836
8RGK,1.33593
8RHR,0.369552
8RIB,1.72525
8RJ2,0.981671
8RU8,1.4164
8RW0,0.873683
8S1X,0.660038
8S45,1.41507
8S6F,1.31759
8S98,0.737248
8S99,5.04771
8SA9,0.893035
8SAB,0.795666
8SBC,1.1936
8SBT,1.59131
8SC7,2.06628
8SC9,3.42782
8SCE,0.863464
8SE5,5.81101
8SF8,1.93949
8SGE,2.07195
8SHJ,1.20995
8SIV,1.17242
8SIW,1.76082
8SIX,1.69087
8SK4,1.14335
8SKH,1.3208
8SKL,0.7369
8SKN,0.970332
8SL7,0.89717
8SLO,1.4254
8SON,7.8274
8SPN,1.19331
8SQG,7.91384
8SSO,0.935292
8SSV,0.832001
8STY,2.7716
8STZ,2.67698
8SU2,1.29916
8SV9,0.939623
8SVL,1.64181
8SVM,1.46707
8SVT,4.17819
8SVX,4.00738
8SWE,0.873635
8SWJ,5.64398
8SWR,0.781945
8SWS,0.338034
8SX4,1.38287
8SZE,0.999373
8SZU,2.83497
8T0N,0.993225
8T0T,5.42345
8T2H,1.37067
8T4V,2.64834
8T55,0.818679
8T5I,1.9698
8T5K,5.20737
8T5M,8.41399
8T68,0.940729
8T6G,0.98246
8T70,1.41073
8T7O,1.44653
8TA1,0.745023
8TB6,0.942426
8TBA,7.9984
8TBR,0.713705
8TBS,2.29217
8TBU,2.19552
8TD0,0.946347
8TD1,1.96178
8TDP,1.16881
8TDQ,1.16268
8TLR,1.88501
8TM7,1.53285
8TPB,1.78768
8TPE,1.80708
8TPG,1.38139
8TPH,1.34437
8TPI,1.46876
8TQF,0.612375
8TQH,2.93761
8TQJ,2.88141
8TQL,3.10272
8TQV,2.67605
8TTR,1.10793
8TU3,1.10232
8TU4,0.655487
8TUC,0.858995
8TV6,1.17932
8TV7,1.10936
8TVM,0.963848
8TVN,1.04402
8TWN,0.966508
8TWT,0.867218
8TWU,0.674086
8TWW,0.98102
8TX0,1.20376
8TXE,1.59881
8TXG,1.64996
8TXY,1.10418
8TY3,3.85778
8TY4,3.36305
8TY5,2.82116
8U06,3.27527
8U07,3.30411
8U0Q,2.8791
8U1Y,1.61843
8U2D,5.63136
8U2E,1.59084
8U57,1.89468
8U59,8.35348
8U5I,1.275
8U69,0.46076
8U6B,1.23126
8U6D,0.633035
8U6L,1.30017
8U6O,0.805953
8U6T,0.959895
8U7W,1.56845
8U7X,0.953226
8U8J,0.809615
8U8K,1.15149
8U8X,1.53029
8U9H,1.24162
8U9M,1.60316
8U9N,1.80527
8U9T,3.15201
8U9V,3.20757
8U9W,3.97859
8UAB,1.46481
8UAC,1.43101
8UAP,1.12388
8UBQ,1.12564
8UCB,0.931533
8UCC,0.76927
8UDF,3.57815
8UDH,1.10506
8UDI,6.6597
8UDJ,6.19986
8UDU,2.00281
8UDV,2.11496
8UDY,4.22037
8UFW,0.958004
8UFX,0.984196
8UG1,4.23757
8UG3,3.7566
8UGU,0.710478
8UGV,0.886163
8UH5,1.63601
8UH9,1.53565
8UJY,1.33531
8UMJ,0.765352
8UMK,0.758099
8UML,0.7746
8UMM,0.777663
8UMN,0.778032
8UN3,1.023
8UOH,1.37357
8UOI,1.91871
8UOJ,1.49791
8UOK,0.976947
8UOL,0.949423
8UPV,0.999576
8UPW,0.93615
8UR9,5.34206
8USM,3.40902
8USR,7.76233
8USS,2.45194
8UTE,1.02389
8UV0,1.58378
8UVY,1.28666
8UW7,1.41004
8UW9,1.77608
8UWP,1.37683
8UXS,1.66116
8UZV,0.979998
8UZZ,1.9578
8V0B,1.50244
8V0C,2.135
8V17,1.35499
8V2F,1.04509
8V2K,0.662396
8V2T,2.09932
8V42,8.1292
8V4A,1.11268
8V4U,0.982924
8V6Y,1.14106
8V70,0.770154
8V71,0.802257
8V78,1.48868
8V90,3.60284
8V9F,1.6728
8V9M,1.48984
8VBV,1.09237
8VEP,1.13003
8VEQ,1.67363
8VG5,1.18722
8VG8,0.786743
8VNX,0.933467
8VO4,1.34104
8VSM,1.20948
8VSO,1.28169
8VSY,9.37533
8VU9,1.09609
8VUB,0.88529
8VUM,0.871893
8VWM,1.16612
8W03,0.90232
8W3D,1.07971
8W3M,4.082
8W46,1.5764
8W47,7.37306
8W4B,6.61858
8W4Q,0.940883
8W4R,2.97447
8W4S,4.08072
8W4T,4.35349
8W4V,0.722731
8W7H,2.05816
8W8J,1.97638
8W8K,1.32207
8W8L,0.724794
8W9I,0.711305
8WB1,1.4547
8WDN,1.45143
8WDO,1.62927
8WDX,0.696138
8WE3,0.759716
8WGM,1.26842
8WGN,3.04137
8WGS,3.29844
8WHO,1.20129
8WHP,1.3071
8WHQ,0.944227
8WIU,2.28567
8WJY,0.57441
8WK2,1.53254
8WKG,0.959942
8WL0,2.37691
8WPC,1.75185
8WQM,0.811751
8WQO,1.11826
8WRJ,2.12486
8WSW,1.35422
8WTQ,2.32983
8WTS,1.36972
8WZ6,0.376471
8WZP,1.11231
8WZQ,1.38929
8X0V,0.922704
8X2A,2.99081
8X2O,0.901145
8X42,2.1344
8X5C,1.50348
8X5M,2.87119
8X5S,0.840655
8X68,8.55439
8X69,1.32285
8X6A,1.26432
8X6C,2.96871
8X6U,0.754475
8X74,1.22939
8X92,1.24835
8XAR,5.54902
8XB0,4.92414
8XC3,1.45126
8XFD,8.73174
8XPV,0.965554
8XU7,6.44561
8Y29,0.8941
8Y2A,0.890282
8Y2B,0.909258
8Y58,2.86037
8YKJ,1.76191
8YKK,1.48028
8YKL,1.57676
8YKM,1.9623
8YKN,3.52283
8YKO,1.78493
8YKQ,5.46177
8YKU,1.9519
8YRV,0.911847
8YY7,2.16033
8YZA,2.05677
8Z30,0.973836
8ZCC,1.20294
8ZII,0.937009
8ZIM,1.08364
8ZIO,0.986005
8ZJV,0.335064
9ARS,1.52135
9AUY,2.59119
9AV1,2.31427
9AXJ,0.687762
9BFG,2.25081
9BL0,1.28919
9BNJ,0.790365
9BO0,5.22056
9BO1,5.3194
9BO2,5.13262
9BOO,0.965465
9BQE,2.18643
9BYJ,1.00671
9BZG,1.09885
9BZL,1.2667
9C1W,1.25081
9C55,1.43899
9C7L,3.61243
9C8T,4.82548
9CDK,0.76122
9CDL,0.825999
9CDM,5.19629
9CJ4,1.25932
9D8M,1.24737
9D8N,7.70889
9DAR,0.918992
9DC8,2.63601
9DDU,7.62415
9DF1,7.67843
9DY7,0.831905
9ECN,1.62019
9EIA,6.20318
9EID,6.18023
9EIF,6.41035
9EMJ,0.543338
9EMX,1.17498
9EPN,0.958993
9ESD,1.19553
9EW3,1.11497
9F6C,0.733536
9FET,5.39424
9FJX,0.437929
9FMH,1.32409
9FMI,1.19626
9FMJ,1.21634
9FMK,1.09601
9FSH,1.04274
9FVO,8.8676
9G8C,8.23166
9G8D,1.8914
9GFE,1.04498
9GKX,1.2926
9GLA,1.2748
9GN6,1.41902
9HHC,0.500433
9HK5,0.393729
9I2Y,0.768632
9INV,0.792076
9IRM,0.952234
9IRP,1.5747
9IWZ,1.50082
9IX1,0.884485
9J6I,1.5811
9JFF,0.840713
9JHW,5.2211
9JPI,1.27179
9LVG,0.722428
9LVH,1.03089
9M3P,1.13137
9QB5,0.670266
